n_estimators,max_depth,random_state,score
12,10,1,94.7
12,10,2,94.5
12,10,3,94.3
12,10,4,94.2
12,10,5,94.0
12,10,6,95.0
12,10,7,94.2
12,10,8,95.1
12,10,9,94.9
12,10,10,94.1
12,10,11,94.7
12,10,12,94.6
12,10,13,94.6
12,10,14,94.8
12,10,15,94.2
12,10,16,94.6
12,10,17,94.3
12,10,18,94.6
12,10,19,94.6
12,10,20,94.6
12,10,21,94.5
12,10,22,94.8
12,10,23,94.0
12,10,24,94.9
12,10,25,94.6
12,10,26,94.5
12,10,27,93.6
12,10,28,94.6
12,10,29,94.6
12,10,30,94.5
12,10,31,94.0
12,10,32,94.4
12,10,33,94.5
12,10,34,94.3
12,10,35,94.6
12,10,36,94.3
12,10,37,94.3
12,10,38,94.8
12,10,39,94.7
12,10,40,95.1
12,10,41,94.2
12,10,42,94.4
12,10,43,94.9
12,10,44,94.4
12,10,45,94.4
12,10,46,94.3
12,10,47,94.0
12,10,48,94.5
12,10,49,94.5
12,10,50,93.8
12,10,51,94.2
12,10,52,94.3
12,10,53,94.3
12,10,54,95.0
12,10,55,95.0
12,10,56,94.6
12,10,57,94.5
12,10,58,94.3
12,10,59,94.2
12,10,60,93.5
12,10,61,94.3
12,10,62,94.4
12,10,63,94.5
12,10,64,94.3
12,10,65,94.6
12,10,66,94.6
12,10,67,93.9
12,10,68,94.2
12,10,69,94.7
12,10,70,95.0
12,10,71,94.8
12,10,72,94.6
12,10,73,94.3
12,10,74,94.3
12,10,75,94.4
12,10,76,94.7
12,10,77,94.2
12,10,78,94.0
12,10,79,94.5
12,10,80,94.7
12,10,81,94.5
12,10,82,94.5
12,10,83,94.3
12,10,84,94.6
12,10,85,94.6
12,10,86,94.4
12,10,87,93.6
12,10,88,95.0
12,10,89,93.8
12,10,90,94.7
12,10,91,93.9
12,10,92,94.8
12,10,93,94.4
12,10,94,94.7
12,10,95,94.6
12,10,96,93.9
12,10,97,94.9
12,10,98,94.4
12,10,99,95.0
12,11,1,95.0
12,11,2,94.7
12,11,3,94.9
12,11,4,95.0
12,11,5,94.9
12,11,6,95.1
12,11,7,95.0
12,11,8,94.7
12,11,9,95.2
12,11,10,95.4
12,11,11,94.7
12,11,12,95.0
12,11,13,94.3
12,11,14,95.0
12,11,15,94.9
12,11,16,95.1
12,11,17,95.1
12,11,18,95.3
12,11,19,95.1
12,11,20,95.0
12,11,21,94.9
12,11,22,94.8
12,11,23,95.1
12,11,24,94.7
12,11,25,94.6
12,11,26,95.0
12,11,27,94.4
12,11,28,95.0
12,11,29,94.9
12,11,30,94.4
12,11,31,95.0
12,11,32,94.6
12,11,33,94.6
12,11,34,95.0
12,11,35,95.2
12,11,36,94.8
12,11,37,94.8
12,11,38,94.9
12,11,39,94.9
12,11,40,95.5
12,11,41,94.7
12,11,42,95.0
12,11,43,95.2
12,11,44,95.3
12,11,45,94.7
12,11,46,94.9
12,11,47,95.0
12,11,48,94.7
12,11,49,94.6
12,11,50,94.8
12,11,51,95.0
12,11,52,95.1
12,11,53,95.1
12,11,54,94.4
12,11,55,94.6
12,11,56,95.3
12,11,57,94.8
12,11,58,94.7
12,11,59,94.8
12,11,60,94.7
12,11,61,94.6
12,11,62,94.9
12,11,63,94.7
12,11,64,94.8
12,11,65,94.8
12,11,66,95.1
12,11,67,94.6
12,11,68,95.5
12,11,69,95.2
12,11,70,94.8
12,11,71,95.1
12,11,72,94.7
12,11,73,95.2
12,11,74,95.1
12,11,75,94.5
12,11,76,95.2
12,11,77,94.9
12,11,78,95.6
12,11,79,95.0
12,11,80,94.6
12,11,81,95.1
12,11,82,94.8
12,11,83,95.0
12,11,84,95.1
12,11,85,94.8
12,11,86,94.4
12,11,87,94.7
12,11,88,95.2
12,11,89,94.6
12,11,90,95.1
12,11,91,94.7
12,11,92,95.1
12,11,93,95.0
12,11,94,95.0
12,11,95,94.4
12,11,96,94.6
12,11,97,94.8
12,11,98,94.9
12,11,99,94.6
12,12,1,95.2
12,12,2,94.8
12,12,3,95.4
12,12,4,94.9
12,12,5,95.3
12,12,6,95.0
12,12,7,95.3
12,12,8,95.3
12,12,9,95.7
12,12,10,95.1
12,12,11,95.3
12,12,12,95.1
12,12,13,94.9
12,12,14,94.8
12,12,15,95.5
12,12,16,95.0
12,12,17,94.8
12,12,18,95.2
12,12,19,95.5
12,12,20,94.9
12,12,21,95.5
12,12,22,95.7
12,12,23,95.3
12,12,24,95.6
12,12,25,95.5
12,12,26,95.6
12,12,27,95.2
12,12,28,95.0
12,12,29,95.3
12,12,30,95.5
12,12,31,95.4
12,12,32,95.1
12,12,33,95.1
12,12,34,95.2
12,12,35,95.5
12,12,36,95.7
12,12,37,95.3
12,12,38,94.8
12,12,39,94.8
12,12,40,95.1
12,12,41,95.0
12,12,42,95.1
12,12,43,95.9
12,12,44,95.1
12,12,45,95.1
12,12,46,95.3
12,12,47,95.2
12,12,48,95.5
12,12,49,95.0
12,12,50,94.9
12,12,51,95.2
12,12,52,95.1
12,12,53,95.1
12,12,54,95.8
12,12,55,95.5
12,12,56,94.9
12,12,57,95.2
12,12,58,95.2
12,12,59,94.9
12,12,60,95.5
12,12,61,95.1
12,12,62,94.9
12,12,63,95.3
12,12,64,95.2
12,12,65,95.0
12,12,66,95.6
12,12,67,95.5
12,12,68,95.4
12,12,69,95.1
12,12,70,94.6
12,12,71,95.0
12,12,72,95.5
12,12,73,95.1
12,12,74,95.3
12,12,75,95.1
12,12,76,95.1
12,12,77,95.1
12,12,78,95.4
12,12,79,95.3
12,12,80,95.3
12,12,81,95.3
12,12,82,95.2
12,12,83,95.0
12,12,84,94.9
12,12,85,95.0
12,12,86,95.0
12,12,87,95.2
12,12,88,95.7
12,12,89,95.0
12,12,90,95.0
12,12,91,94.8
12,12,92,95.7
12,12,93,95.6
12,12,94,94.8
12,12,95,95.0
12,12,96,95.5
12,12,97,95.2
12,12,98,95.0
12,12,99,95.5
12,13,1,95.4
12,13,2,94.8
12,13,3,95.2
12,13,4,95.1
12,13,5,95.4
12,13,6,95.2
12,13,7,95.3
12,13,8,95.3
12,13,9,95.6
12,13,10,95.1
12,13,11,95.0
12,13,12,95.0
12,13,13,95.4
12,13,14,95.2
12,13,15,95.3
12,13,16,95.5
12,13,17,95.0
12,13,18,95.7
12,13,19,95.2
12,13,20,95.5
12,13,21,95.4
12,13,22,95.3
12,13,23,95.2
12,13,24,95.5
12,13,25,95.5
12,13,26,95.4
12,13,27,95.2
12,13,28,95.4
12,13,29,95.7
12,13,30,95.5
12,13,31,95.8
12,13,32,95.6
12,13,33,95.3
12,13,34,95.3
12,13,35,96.2
12,13,36,95.0
12,13,37,95.0
12,13,38,95.1
12,13,39,95.2
12,13,40,95.8
12,13,41,94.9
12,13,42,95.0
12,13,43,95.3
12,13,44,95.6
12,13,45,95.3
12,13,46,95.6
12,13,47,95.2
12,13,48,95.3
12,13,49,95.1
12,13,50,95.1
12,13,51,95.0
12,13,52,95.6
12,13,53,95.7
12,13,54,95.8
12,13,55,95.3
12,13,56,95.3
12,13,57,95.4
12,13,58,95.4
12,13,59,94.8
12,13,60,95.0
12,13,61,95.2
12,13,62,95.5
12,13,63,95.4
12,13,64,94.9
12,13,65,95.0
12,13,66,95.7
12,13,67,95.5
12,13,68,95.5
12,13,69,95.2
12,13,70,95.3
12,13,71,95.5
12,13,72,95.2
12,13,73,95.4
12,13,74,95.7
12,13,75,95.3
12,13,76,95.6
12,13,77,95.2
12,13,78,95.6
12,13,79,95.3
12,13,80,95.3
12,13,81,95.1
12,13,82,95.1
12,13,83,95.1
12,13,84,95.0
12,13,85,95.2
12,13,86,95.0
12,13,87,95.5
12,13,88,95.5
12,13,89,94.9
12,13,90,95.3
12,13,91,95.6
12,13,92,95.2
12,13,93,95.7
12,13,94,95.4
12,13,95,95.0
12,13,96,95.4
12,13,97,95.3
12,13,98,95.1
12,13,99,95.1
12,14,1,95.3
12,14,2,95.0
12,14,3,95.2
12,14,4,95.6
12,14,5,95.5
12,14,6,95.2
12,14,7,95.3
12,14,8,95.2
12,14,9,95.7
12,14,10,94.9
12,14,11,95.0
12,14,12,95.4
12,14,13,95.3
12,14,14,95.6
12,14,15,95.6
12,14,16,95.5
12,14,17,94.9
12,14,18,95.3
12,14,19,95.7
12,14,20,95.7
12,14,21,95.3
12,14,22,96.2
12,14,23,95.8
12,14,24,95.5
12,14,25,95.6
12,14,26,95.3
12,14,27,95.5
12,14,28,95.2
12,14,29,95.4
12,14,30,95.6
12,14,31,95.8
12,14,32,95.6
12,14,33,94.6
12,14,34,95.4
12,14,35,95.7
12,14,36,95.2
12,14,37,95.8
12,14,38,95.4
12,14,39,95.0
12,14,40,95.5
12,14,41,95.5
12,14,42,95.3
12,14,43,95.6
12,14,44,95.3
12,14,45,95.6
12,14,46,95.4
12,14,47,95.4
12,14,48,96.0
12,14,49,95.5
12,14,50,95.5
12,14,51,95.4
12,14,52,94.9
12,14,53,95.5
12,14,54,95.9
12,14,55,95.9
12,14,56,95.0
12,14,57,94.9
12,14,58,95.9
12,14,59,95.5
12,14,60,95.5
12,14,61,95.3
12,14,62,95.3
12,14,63,95.8
12,14,64,95.4
12,14,65,95.4
12,14,66,95.3
12,14,67,95.5
12,14,68,95.3
12,14,69,95.0
12,14,70,95.0
12,14,71,95.8
12,14,72,95.3
12,14,73,95.3
12,14,74,95.9
12,14,75,95.5
12,14,76,95.6
12,14,77,95.6
12,14,78,95.4
12,14,79,95.5
12,14,80,95.5
12,14,81,95.3
12,14,82,95.2
12,14,83,95.4
12,14,84,95.0
12,14,85,95.9
12,14,86,95.2
12,14,87,95.2
12,14,88,95.6
12,14,89,94.7
12,14,90,95.1
12,14,91,95.2
12,14,92,95.5
12,14,93,95.8
12,14,94,95.5
12,14,95,95.1
12,14,96,95.4
12,14,97,94.8
12,14,98,95.6
12,14,99,95.1
12,15,1,95.1
12,15,2,95.2
12,15,3,95.5
12,15,4,95.4
12,15,5,95.4
12,15,6,95.3
12,15,7,95.4
12,15,8,95.5
12,15,9,95.5
12,15,10,95.3
12,15,11,95.8
12,15,12,95.5
12,15,13,95.4
12,15,14,95.0
12,15,15,95.8
12,15,16,95.3
12,15,17,94.9
12,15,18,95.6
12,15,19,95.0
12,15,20,95.9
12,15,21,95.6
12,15,22,95.6
12,15,23,95.6
12,15,24,95.4
12,15,25,95.7
12,15,26,95.4
12,15,27,95.5
12,15,28,95.4
12,15,29,95.5
12,15,30,95.2
12,15,31,95.8
12,15,32,95.6
12,15,33,95.6
12,15,34,95.5
12,15,35,95.6
12,15,36,95.6
12,15,37,95.1
12,15,38,95.2
12,15,39,95.1
12,15,40,95.5
12,15,41,95.9
12,15,42,95.2
12,15,43,95.7
12,15,44,95.6
12,15,45,95.6
12,15,46,95.6
12,15,47,96.1
12,15,48,95.4
12,15,49,95.5
12,15,50,95.2
12,15,51,95.0
12,15,52,95.6
12,15,53,95.6
12,15,54,95.4
12,15,55,95.7
12,15,56,95.4
12,15,57,95.3
12,15,58,95.4
12,15,59,95.7
12,15,60,95.5
12,15,61,95.6
12,15,62,95.0
12,15,63,95.3
12,15,64,95.0
12,15,65,95.2
12,15,66,95.8
12,15,67,95.4
12,15,68,95.4
12,15,69,95.3
12,15,70,95.4
12,15,71,95.2
12,15,72,95.1
12,15,73,95.6
12,15,74,95.9
12,15,75,95.4
12,15,76,95.6
12,15,77,95.0
12,15,78,95.6
12,15,79,95.1
12,15,80,95.3
12,15,81,94.7
12,15,82,95.2
12,15,83,95.4
12,15,84,95.2
12,15,85,95.5
12,15,86,95.2
12,15,87,95.3
12,15,88,96.0
12,15,89,95.2
12,15,90,95.6
12,15,91,95.7
12,15,92,95.4
12,15,93,96.0
12,15,94,95.1
12,15,95,94.9
12,15,96,95.3
12,15,97,95.4
12,15,98,95.3
12,15,99,95.6
13,10,1,94.8
13,10,2,94.7
13,10,3,94.4
13,10,4,94.5
13,10,5,94.1
13,10,6,94.8
13,10,7,94.1
13,10,8,94.9
13,10,9,94.7
13,10,10,94.5
13,10,11,94.8
13,10,12,94.6
13,10,13,94.4
13,10,14,94.8
13,10,15,94.4
13,10,16,94.6
13,10,17,94.4
13,10,18,94.7
13,10,19,94.6
13,10,20,94.4
13,10,21,94.7
13,10,22,94.6
13,10,23,94.2
13,10,24,94.6
13,10,25,94.4
13,10,26,94.5
13,10,27,93.8
13,10,28,94.5
13,10,29,94.9
13,10,30,94.6
13,10,31,94.6
13,10,32,94.6
13,10,33,94.6
13,10,34,94.3
13,10,35,94.4
13,10,36,94.5
13,10,37,94.3
13,10,38,94.3
13,10,39,94.7
13,10,40,94.9
13,10,41,94.2
13,10,42,93.9
13,10,43,94.8
13,10,44,94.7
13,10,45,94.7
13,10,46,94.4
13,10,47,93.9
13,10,48,94.6
13,10,49,94.6
13,10,50,94.1
13,10,51,93.9
13,10,52,94.2
13,10,53,94.6
13,10,54,94.8
13,10,55,95.2
13,10,56,94.6
13,10,57,94.8
13,10,58,94.4
13,10,59,94.4
13,10,60,93.9
13,10,61,94.4
13,10,62,94.7
13,10,63,94.7
13,10,64,94.3
13,10,65,94.7
13,10,66,94.7
13,10,67,94.2
13,10,68,94.7
13,10,69,94.7
13,10,70,94.9
13,10,71,94.6
13,10,72,94.8
13,10,73,94.4
13,10,74,94.5
13,10,75,94.4
13,10,76,94.6
13,10,77,94.6
13,10,78,94.3
13,10,79,94.3
13,10,80,94.9
13,10,81,94.4
13,10,82,94.6
13,10,83,94.4
13,10,84,94.6
13,10,85,94.8
13,10,86,94.4
13,10,87,94.2
13,10,88,95.2
13,10,89,94.3
13,10,90,94.8
13,10,91,94.1
13,10,92,95.1
13,10,93,94.6
13,10,94,94.5
13,10,95,94.7
13,10,96,94.2
13,10,97,95.0
13,10,98,94.3
13,10,99,95.0
13,11,1,95.1
13,11,2,95.0
13,11,3,94.8
13,11,4,95.2
13,11,5,94.9
13,11,6,95.0
13,11,7,95.0
13,11,8,94.9
13,11,9,95.2
13,11,10,95.5
13,11,11,94.8
13,11,12,95.0
13,11,13,94.4
13,11,14,94.8
13,11,15,95.0
13,11,16,95.4
13,11,17,95.2
13,11,18,95.2
13,11,19,95.3
13,11,20,95.1
13,11,21,95.2
13,11,22,94.5
13,11,23,95.1
13,11,24,94.6
13,11,25,95.0
13,11,26,95.0
13,11,27,94.6
13,11,28,95.4
13,11,29,95.2
13,11,30,94.5
13,11,31,95.1
13,11,32,94.9
13,11,33,94.8
13,11,34,95.2
13,11,35,95.2
13,11,36,95.0
13,11,37,94.9
13,11,38,95.1
13,11,39,94.9
13,11,40,95.3
13,11,41,94.8
13,11,42,95.1
13,11,43,95.2
13,11,44,95.0
13,11,45,94.8
13,11,46,94.5
13,11,47,95.0
13,11,48,94.7
13,11,49,94.7
13,11,50,95.0
13,11,51,94.9
13,11,52,95.3
13,11,53,95.0
13,11,54,94.6
13,11,55,95.1
13,11,56,95.6
13,11,57,94.9
13,11,58,94.8
13,11,59,94.9
13,11,60,95.1
13,11,61,95.0
13,11,62,94.8
13,11,63,94.6
13,11,64,95.0
13,11,65,95.1
13,11,66,95.3
13,11,67,94.8
13,11,68,95.4
13,11,69,95.3
13,11,70,94.7
13,11,71,94.9
13,11,72,94.7
13,11,73,95.3
13,11,74,95.0
13,11,75,94.8
13,11,76,95.0
13,11,77,95.0
13,11,78,95.6
13,11,79,95.0
13,11,80,94.6
13,11,81,95.2
13,11,82,94.6
13,11,83,95.1
13,11,84,95.2
13,11,85,95.0
13,11,86,94.8
13,11,87,94.9
13,11,88,95.4
13,11,89,94.9
13,11,90,95.0
13,11,91,94.6
13,11,92,95.3
13,11,93,95.2
13,11,94,95.0
13,11,95,94.6
13,11,96,94.5
13,11,97,95.1
13,11,98,94.7
13,11,99,94.6
13,12,1,95.5
13,12,2,94.7
13,12,3,95.4
13,12,4,94.9
13,12,5,95.4
13,12,6,95.2
13,12,7,95.3
13,12,8,95.4
13,12,9,95.6
13,12,10,95.1
13,12,11,95.2
13,12,12,95.0
13,12,13,94.9
13,12,14,95.3
13,12,15,95.6
13,12,16,95.4
13,12,17,94.9
13,12,18,95.0
13,12,19,95.6
13,12,20,95.0
13,12,21,95.7
13,12,22,95.8
13,12,23,95.5
13,12,24,95.6
13,12,25,95.5
13,12,26,95.2
13,12,27,95.0
13,12,28,95.1
13,12,29,95.6
13,12,30,95.1
13,12,31,95.5
13,12,32,95.2
13,12,33,95.3
13,12,34,95.4
13,12,35,95.3
13,12,36,95.3
13,12,37,95.2
13,12,38,95.0
13,12,39,95.0
13,12,40,95.2
13,12,41,95.1
13,12,42,95.4
13,12,43,95.8
13,12,44,95.0
13,12,45,95.3
13,12,46,95.5
13,12,47,95.3
13,12,48,95.7
13,12,49,94.9
13,12,50,95.0
13,12,51,95.2
13,12,52,95.3
13,12,53,95.0
13,12,54,95.5
13,12,55,95.5
13,12,56,95.1
13,12,57,95.2
13,12,58,95.5
13,12,59,94.9
13,12,60,95.5
13,12,61,95.4
13,12,62,95.2
13,12,63,95.4
13,12,64,95.1
13,12,65,95.2
13,12,66,95.9
13,12,67,95.3
13,12,68,95.5
13,12,69,95.4
13,12,70,94.7
13,12,71,95.0
13,12,72,95.2
13,12,73,95.1
13,12,74,95.2
13,12,75,95.3
13,12,76,95.2
13,12,77,95.4
13,12,78,95.3
13,12,79,95.4
13,12,80,95.3
13,12,81,95.5
13,12,82,94.9
13,12,83,95.3
13,12,84,95.0
13,12,85,95.1
13,12,86,95.1
13,12,87,95.3
13,12,88,95.7
13,12,89,95.1
13,12,90,95.2
13,12,91,94.8
13,12,92,95.9
13,12,93,95.5
13,12,94,94.9
13,12,95,95.2
13,12,96,95.4
13,12,97,95.0
13,12,98,95.1
13,12,99,95.6
13,13,1,95.5
13,13,2,95.3
13,13,3,95.4
13,13,4,95.2
13,13,5,95.3
13,13,6,95.3
13,13,7,95.3
13,13,8,95.2
13,13,9,95.6
13,13,10,95.2
13,13,11,95.3
13,13,12,95.0
13,13,13,95.3
13,13,14,95.1
13,13,15,95.3
13,13,16,95.6
13,13,17,95.0
13,13,18,95.6
13,13,19,95.4
13,13,20,95.6
13,13,21,95.3
13,13,22,95.5
13,13,23,95.2
13,13,24,95.3
13,13,25,95.6
13,13,26,95.4
13,13,27,95.2
13,13,28,95.6
13,13,29,96.0
13,13,30,95.7
13,13,31,96.0
13,13,32,95.7
13,13,33,95.3
13,13,34,95.4
13,13,35,96.1
13,13,36,95.2
13,13,37,95.1
13,13,38,95.5
13,13,39,95.3
13,13,40,95.7
13,13,41,95.2
13,13,42,95.2
13,13,43,95.2
13,13,44,95.6
13,13,45,95.5
13,13,46,95.6
13,13,47,95.1
13,13,48,95.3
13,13,49,95.3
13,13,50,95.2
13,13,51,95.0
13,13,52,95.9
13,13,53,96.0
13,13,54,95.6
13,13,55,95.3
13,13,56,95.3
13,13,57,95.4
13,13,58,95.6
13,13,59,95.0
13,13,60,95.0
13,13,61,95.4
13,13,62,95.5
13,13,63,95.6
13,13,64,95.0
13,13,65,95.1
13,13,66,95.7
13,13,67,95.3
13,13,68,95.3
13,13,69,95.2
13,13,70,95.3
13,13,71,95.7
13,13,72,95.3
13,13,73,95.6
13,13,74,95.6
13,13,75,95.3
13,13,76,95.6
13,13,77,95.5
13,13,78,95.8
13,13,79,95.1
13,13,80,95.4
13,13,81,95.2
13,13,82,95.1
13,13,83,95.2
13,13,84,94.9
13,13,85,95.1
13,13,86,94.9
13,13,87,95.7
13,13,88,95.7
13,13,89,95.0
13,13,90,95.7
13,13,91,95.8
13,13,92,95.2
13,13,93,95.7
13,13,94,95.2
13,13,95,95.0
13,13,96,95.5
13,13,97,95.4
13,13,98,95.3
13,13,99,95.0
13,14,1,95.4
13,14,2,95.1
13,14,3,95.4
13,14,4,95.3
13,14,5,95.5
13,14,6,95.3
13,14,7,95.3
13,14,8,95.2
13,14,9,95.5
13,14,10,95.3
13,14,11,95.1
13,14,12,95.6
13,14,13,95.4
13,14,14,95.5
13,14,15,95.4
13,14,16,95.4
13,14,17,94.7
13,14,18,95.3
13,14,19,95.8
13,14,20,95.5
13,14,21,95.6
13,14,22,96.3
13,14,23,95.7
13,14,24,95.5
13,14,25,95.5
13,14,26,95.4
13,14,27,95.4
13,14,28,95.3
13,14,29,95.7
13,14,30,95.6
13,14,31,96.0
13,14,32,95.9
13,14,33,95.0
13,14,34,95.8
13,14,35,96.0
13,14,36,95.1
13,14,37,95.7
13,14,38,95.5
13,14,39,95.1
13,14,40,95.5
13,14,41,95.6
13,14,42,95.3
13,14,43,95.8
13,14,44,95.5
13,14,45,95.6
13,14,46,95.8
13,14,47,95.4
13,14,48,95.9
13,14,49,95.7
13,14,50,95.4
13,14,51,95.6
13,14,52,95.6
13,14,53,95.7
13,14,54,96.1
13,14,55,96.1
13,14,56,95.3
13,14,57,95.0
13,14,58,96.0
13,14,59,95.5
13,14,60,95.6
13,14,61,95.5
13,14,62,95.6
13,14,63,95.8
13,14,64,95.2
13,14,65,95.5
13,14,66,95.1
13,14,67,95.6
13,14,68,95.5
13,14,69,95.0
13,14,70,95.2
13,14,71,95.9
13,14,72,95.5
13,14,73,95.6
13,14,74,95.7
13,14,75,95.6
13,14,76,95.5
13,14,77,95.7
13,14,78,95.7
13,14,79,95.3
13,14,80,95.8
13,14,81,95.3
13,14,82,95.3
13,14,83,95.5
13,14,84,95.4
13,14,85,95.9
13,14,86,95.6
13,14,87,95.4
13,14,88,95.5
13,14,89,94.8
13,14,90,95.3
13,14,91,95.5
13,14,92,95.8
13,14,93,95.8
13,14,94,95.7
13,14,95,95.4
13,14,96,95.3
13,14,97,95.0
13,14,98,95.4
13,14,99,95.0
13,15,1,95.3
13,15,2,95.1
13,15,3,95.6
13,15,4,95.3
13,15,5,95.6
13,15,6,95.6
13,15,7,95.4
13,15,8,95.9
13,15,9,95.4
13,15,10,95.6
13,15,11,95.7
13,15,12,95.5
13,15,13,95.3
13,15,14,95.3
13,15,15,96.0
13,15,16,95.6
13,15,17,95.4
13,15,18,95.6
13,15,19,95.4
13,15,20,95.9
13,15,21,95.6
13,15,22,95.6
13,15,23,95.4
13,15,24,95.5
13,15,25,95.6
13,15,26,95.3
13,15,27,95.3
13,15,28,95.6
13,15,29,95.6
13,15,30,95.3
13,15,31,95.9
13,15,32,95.7
13,15,33,95.5
13,15,34,95.7
13,15,35,96.0
13,15,36,95.7
13,15,37,95.4
13,15,38,95.3
13,15,39,95.2
13,15,40,95.6
13,15,41,95.9
13,15,42,95.5
13,15,43,95.9
13,15,44,95.6
13,15,45,95.4
13,15,46,95.3
13,15,47,95.9
13,15,48,95.7
13,15,49,95.6
13,15,50,95.5
13,15,51,95.2
13,15,52,95.7
13,15,53,95.4
13,15,54,95.6
13,15,55,95.7
13,15,56,95.5
13,15,57,95.4
13,15,58,95.7
13,15,59,95.5
13,15,60,95.7
13,15,61,95.9
13,15,62,95.1
13,15,63,95.6
13,15,64,95.0
13,15,65,95.3
13,15,66,95.7
13,15,67,95.5
13,15,68,95.3
13,15,69,95.3
13,15,70,95.4
13,15,71,95.3
13,15,72,95.5
13,15,73,95.7
13,15,74,96.0
13,15,75,95.7
13,15,76,95.7
13,15,77,95.0
13,15,78,95.9
13,15,79,95.2
13,15,80,95.6
13,15,81,95.2
13,15,82,95.1
13,15,83,95.5
13,15,84,95.3
13,15,85,95.7
13,15,86,95.5
13,15,87,95.5
13,15,88,96.1
13,15,89,95.4
13,15,90,95.6
13,15,91,96.0
13,15,92,95.5
13,15,93,95.9
13,15,94,95.5
13,15,95,95.1
13,15,96,95.6
13,15,97,95.6
13,15,98,95.4
13,15,99,95.3
14,10,1,95.0
14,10,2,94.8
14,10,3,94.4
14,10,4,94.4
14,10,5,94.5
14,10,6,95.0
14,10,7,94.4
14,10,8,94.9
14,10,9,94.9
14,10,10,94.5
14,10,11,94.8
14,10,12,94.6
14,10,13,94.6
14,10,14,94.6
14,10,15,94.4
14,10,16,94.8
14,10,17,94.7
14,10,18,94.8
14,10,19,94.5
14,10,20,94.5
14,10,21,94.6
14,10,22,94.7
14,10,23,93.9
14,10,24,95.0
14,10,25,94.4
14,10,26,94.5
14,10,27,94.0
14,10,28,94.7
14,10,29,94.9
14,10,30,95.0
14,10,31,94.3
14,10,32,94.4
14,10,33,94.6
14,10,34,94.8
14,10,35,94.7
14,10,36,94.3
14,10,37,94.4
14,10,38,94.6
14,10,39,95.0
14,10,40,95.2
14,10,41,94.1
14,10,42,94.1
14,10,43,94.9
14,10,44,94.6
14,10,45,94.5
14,10,46,94.4
14,10,47,93.9
14,10,48,94.8
14,10,49,94.7
14,10,50,94.0
14,10,51,94.2
14,10,52,94.2
14,10,53,94.6
14,10,54,95.0
14,10,55,95.0
14,10,56,94.5
14,10,57,94.9
14,10,58,94.6
14,10,59,94.4
14,10,60,94.3
14,10,61,94.3
14,10,62,94.9
14,10,63,94.8
14,10,64,94.4
14,10,65,94.6
14,10,66,94.7
14,10,67,94.1
14,10,68,94.9
14,10,69,94.9
14,10,70,94.8
14,10,71,94.8
14,10,72,94.7
14,10,73,94.6
14,10,74,94.7
14,10,75,94.4
14,10,76,94.7
14,10,77,94.5
14,10,78,94.4
14,10,79,94.3
14,10,80,94.6
14,10,81,94.2
14,10,82,94.7
14,10,83,94.5
14,10,84,94.5
14,10,85,94.7
14,10,86,94.7
14,10,87,94.2
14,10,88,95.3
14,10,89,94.4
14,10,90,94.9
14,10,91,94.3
14,10,92,94.8
14,10,93,94.2
14,10,94,94.7
14,10,95,94.7
14,10,96,94.2
14,10,97,95.1
14,10,98,94.2
14,10,99,95.1
14,11,1,95.2
14,11,2,95.0
14,11,3,95.0
14,11,4,95.3
14,11,5,94.7
14,11,6,94.9
14,11,7,95.3
14,11,8,94.7
14,11,9,95.2
14,11,10,95.3
14,11,11,94.9
14,11,12,95.1
14,11,13,94.8
14,11,14,95.0
14,11,15,94.9
14,11,16,95.4
14,11,17,95.3
14,11,18,95.4
14,11,19,95.2
14,11,20,95.2
14,11,21,95.0
14,11,22,94.6
14,11,23,95.3
14,11,24,94.7
14,11,25,95.1
14,11,26,95.0
14,11,27,94.8
14,11,28,95.5
14,11,29,95.1
14,11,30,94.4
14,11,31,94.9
14,11,32,95.0
14,11,33,94.9
14,11,34,95.1
14,11,35,95.3
14,11,36,95.2
14,11,37,95.1
14,11,38,95.1
14,11,39,95.1
14,11,40,95.5
14,11,41,94.7
14,11,42,95.1
14,11,43,95.5
14,11,44,95.1
14,11,45,95.0
14,11,46,94.6
14,11,47,95.2
14,11,48,94.9
14,11,49,95.0
14,11,50,95.1
14,11,51,95.1
14,11,52,95.3
14,11,53,95.2
14,11,54,94.7
14,11,55,95.1
14,11,56,95.6
14,11,57,95.1
14,11,58,94.7
14,11,59,94.8
14,11,60,95.0
14,11,61,94.8
14,11,62,95.1
14,11,63,94.6
14,11,64,94.8
14,11,65,95.2
14,11,66,95.3
14,11,67,95.0
14,11,68,95.3
14,11,69,95.7
14,11,70,94.8
14,11,71,95.1
14,11,72,94.8
14,11,73,95.2
14,11,74,94.8
14,11,75,94.7
14,11,76,95.1
14,11,77,95.1
14,11,78,95.7
14,11,79,95.2
14,11,80,94.5
14,11,81,95.2
14,11,82,94.6
14,11,83,95.2
14,11,84,95.2
14,11,85,95.1
14,11,86,94.8
14,11,87,95.0
14,11,88,95.3
14,11,89,94.9
14,11,90,95.0
14,11,91,94.5
14,11,92,95.5
14,11,93,95.3
14,11,94,95.0
14,11,95,94.5
14,11,96,94.8
14,11,97,95.1
14,11,98,94.8
14,11,99,94.6
14,12,1,95.4
14,12,2,94.9
14,12,3,95.7
14,12,4,94.9
14,12,5,95.5
14,12,6,95.1
14,12,7,95.5
14,12,8,95.3
14,12,9,95.6
14,12,10,95.1
14,12,11,95.4
14,12,12,95.0
14,12,13,94.9
14,12,14,95.1
14,12,15,95.4
14,12,16,95.2
14,12,17,95.2
14,12,18,95.2
14,12,19,95.7
14,12,20,95.2
14,12,21,95.5
14,12,22,95.7
14,12,23,95.5
14,12,24,95.5
14,12,25,95.6
14,12,26,95.1
14,12,27,95.2
14,12,28,95.1
14,12,29,95.8
14,12,30,95.2
14,12,31,95.7
14,12,32,95.3
14,12,33,95.5
14,12,34,95.6
14,12,35,95.4
14,12,36,95.5
14,12,37,95.5
14,12,38,95.1
14,12,39,95.2
14,12,40,95.2
14,12,41,95.3
14,12,42,95.5
14,12,43,95.9
14,12,44,95.4
14,12,45,95.6
14,12,46,95.6
14,12,47,95.0
14,12,48,95.6
14,12,49,95.0
14,12,50,94.8
14,12,51,95.1
14,12,52,95.5
14,12,53,95.3
14,12,54,95.7
14,12,55,95.4
14,12,56,95.1
14,12,57,95.2
14,12,58,95.3
14,12,59,95.1
14,12,60,95.7
14,12,61,95.3
14,12,62,95.2
14,12,63,95.5
14,12,64,95.1
14,12,65,95.0
14,12,66,95.8
14,12,67,95.5
14,12,68,95.6
14,12,69,95.3
14,12,70,94.7
14,12,71,95.4
14,12,72,95.4
14,12,73,95.4
14,12,74,95.2
14,12,75,95.4
14,12,76,95.2
14,12,77,95.4
14,12,78,95.7
14,12,79,95.4
14,12,80,95.3
14,12,81,95.6
14,12,82,95.1
14,12,83,95.1
14,12,84,94.9
14,12,85,95.1
14,12,86,95.1
14,12,87,95.5
14,12,88,95.8
14,12,89,95.3
14,12,90,95.2
14,12,91,95.1
14,12,92,95.9
14,12,93,95.5
14,12,94,95.1
14,12,95,95.2
14,12,96,95.3
14,12,97,95.2
14,12,98,95.4
14,12,99,95.6
14,13,1,95.7
14,13,2,95.3
14,13,3,95.5
14,13,4,95.5
14,13,5,95.3
14,13,6,95.2
14,13,7,95.2
14,13,8,95.2
14,13,9,95.8
14,13,10,95.3
14,13,11,95.3
14,13,12,95.3
14,13,13,95.7
14,13,14,94.9
14,13,15,95.3
14,13,16,95.3
14,13,17,95.0
14,13,18,95.6
14,13,19,95.2
14,13,20,95.7
14,13,21,95.3
14,13,22,95.5
14,13,23,95.3
14,13,24,95.3
14,13,25,95.6
14,13,26,95.3
14,13,27,95.1
14,13,28,95.8
14,13,29,96.0
14,13,30,95.7
14,13,31,96.1
14,13,32,95.6
14,13,33,95.5
14,13,34,95.5
14,13,35,96.1
14,13,36,95.1
14,13,37,95.2
14,13,38,95.1
14,13,39,95.5
14,13,40,95.7
14,13,41,95.3
14,13,42,95.2
14,13,43,95.4
14,13,44,95.7
14,13,45,95.6
14,13,46,95.6
14,13,47,95.3
14,13,48,95.5
14,13,49,95.4
14,13,50,95.1
14,13,51,95.4
14,13,52,95.9
14,13,53,95.8
14,13,54,95.7
14,13,55,95.4
14,13,56,95.5
14,13,57,95.7
14,13,58,95.5
14,13,59,95.1
14,13,60,95.2
14,13,61,95.5
14,13,62,95.7
14,13,63,95.5
14,13,64,95.2
14,13,65,95.2
14,13,66,95.6
14,13,67,95.7
14,13,68,95.5
14,13,69,95.2
14,13,70,95.4
14,13,71,95.7
14,13,72,95.6
14,13,73,95.7
14,13,74,95.7
14,13,75,95.3
14,13,76,95.5
14,13,77,95.3
14,13,78,95.9
14,13,79,95.4
14,13,80,95.6
14,13,81,95.6
14,13,82,95.4
14,13,83,95.4
14,13,84,95.0
14,13,85,95.2
14,13,86,95.0
14,13,87,95.7
14,13,88,95.6
14,13,89,95.1
14,13,90,95.5
14,13,91,95.7
14,13,92,95.3
14,13,93,95.7
14,13,94,95.6
14,13,95,95.1
14,13,96,95.5
14,13,97,95.3
14,13,98,95.3
14,13,99,95.1
14,14,1,95.5
14,14,2,95.2
14,14,3,95.5
14,14,4,95.5
14,14,5,95.7
14,14,6,95.5
14,14,7,95.3
14,14,8,95.4
14,14,9,95.7
14,14,10,95.6
14,14,11,95.3
14,14,12,95.7
14,14,13,95.3
14,14,14,95.2
14,14,15,95.6
14,14,16,95.5
14,14,17,95.0
14,14,18,95.3
14,14,19,95.6
14,14,20,95.5
14,14,21,95.6
14,14,22,96.2
14,14,23,95.9
14,14,24,95.6
14,14,25,95.5
14,14,26,95.6
14,14,27,95.5
14,14,28,95.6
14,14,29,95.6
14,14,30,95.6
14,14,31,95.9
14,14,32,95.9
14,14,33,94.8
14,14,34,95.9
14,14,35,95.9
14,14,36,95.2
14,14,37,95.9
14,14,38,95.4
14,14,39,95.1
14,14,40,95.6
14,14,41,95.5
14,14,42,95.4
14,14,43,95.6
14,14,44,95.7
14,14,45,95.6
14,14,46,95.9
14,14,47,95.6
14,14,48,95.9
14,14,49,95.6
14,14,50,95.6
14,14,51,95.6
14,14,52,95.3
14,14,53,95.7
14,14,54,95.7
14,14,55,96.2
14,14,56,95.3
14,14,57,95.2
14,14,58,96.0
14,14,59,95.6
14,14,60,95.9
14,14,61,95.6
14,14,62,95.5
14,14,63,95.9
14,14,64,95.3
14,14,65,95.5
14,14,66,95.2
14,14,67,95.9
14,14,68,95.6
14,14,69,95.5
14,14,70,95.4
14,14,71,96.0
14,14,72,95.7
14,14,73,95.8
14,14,74,95.7
14,14,75,95.5
14,14,76,95.3
14,14,77,95.7
14,14,78,95.6
14,14,79,95.5
14,14,80,95.7
14,14,81,95.3
14,14,82,95.4
14,14,83,95.5
14,14,84,95.2
14,14,85,95.9
14,14,86,95.5
14,14,87,95.3
14,14,88,95.7
14,14,89,94.6
14,14,90,95.3
14,14,91,95.5
14,14,92,95.5
14,14,93,95.7
14,14,94,95.9
14,14,95,95.3
14,14,96,95.5
14,14,97,95.2
14,14,98,95.6
14,14,99,95.1
14,15,1,95.5
14,15,2,95.3
14,15,3,95.6
14,15,4,95.5
14,15,5,95.7
14,15,6,95.5
14,15,7,95.5
14,15,8,95.4
14,15,9,95.5
14,15,10,95.7
14,15,11,95.9
14,15,12,95.8
14,15,13,95.6
14,15,14,95.0
14,15,15,96.0
14,15,16,95.7
14,15,17,95.3
14,15,18,95.7
14,15,19,95.2
14,15,20,95.7
14,15,21,95.6
14,15,22,95.7
14,15,23,95.5
14,15,24,95.5
14,15,25,95.3
14,15,26,95.5
14,15,27,95.4
14,15,28,95.7
14,15,29,95.7
14,15,30,95.3
14,15,31,95.8
14,15,32,95.8
14,15,33,95.7
14,15,34,95.5
14,15,35,95.6
14,15,36,95.5
14,15,37,95.4
14,15,38,95.4
14,15,39,95.5
14,15,40,95.4
14,15,41,95.8
14,15,42,95.6
14,15,43,95.8
14,15,44,95.8
14,15,45,95.6
14,15,46,95.7
14,15,47,95.9
14,15,48,95.6
14,15,49,95.3
14,15,50,95.5
14,15,51,95.2
14,15,52,95.6
14,15,53,95.5
14,15,54,95.5
14,15,55,95.9
14,15,56,95.5
14,15,57,95.6
14,15,58,95.8
14,15,59,95.7
14,15,60,95.9
14,15,61,96.0
14,15,62,95.3
14,15,63,95.5
14,15,64,95.3
14,15,65,95.5
14,15,66,95.7
14,15,67,95.6
14,15,68,95.5
14,15,69,95.5
14,15,70,95.5
14,15,71,95.5
14,15,72,95.6
14,15,73,95.7
14,15,74,96.1
14,15,75,95.6
14,15,76,95.7
14,15,77,95.1
14,15,78,95.7
14,15,79,95.3
14,15,80,95.4
14,15,81,95.2
14,15,82,95.2
14,15,83,95.7
14,15,84,95.3
14,15,85,95.7
14,15,86,95.6
14,15,87,95.8
14,15,88,96.0
14,15,89,95.4
14,15,90,95.8
14,15,91,95.8
14,15,92,95.5
14,15,93,95.9
14,15,94,95.8
14,15,95,95.1
14,15,96,95.7
14,15,97,95.7
14,15,98,95.2
14,15,99,95.4
15,10,1,94.9
15,10,2,94.7
15,10,3,94.6
15,10,4,94.6
15,10,5,94.4
15,10,6,95.1
15,10,7,94.4
15,10,8,94.9
15,10,9,95.0
15,10,10,94.7
15,10,11,95.0
15,10,12,94.8
15,10,13,94.5
15,10,14,94.8
15,10,15,94.4
15,10,16,95.1
15,10,17,94.6
15,10,18,94.8
15,10,19,94.6
15,10,20,94.4
15,10,21,95.0
15,10,22,94.4
15,10,23,93.9
15,10,24,95.1
15,10,25,94.6
15,10,26,94.7
15,10,27,94.1
15,10,28,94.4
15,10,29,94.8
15,10,30,94.9
15,10,31,94.7
15,10,32,94.4
15,10,33,94.7
15,10,34,94.5
15,10,35,94.6
15,10,36,94.5
15,10,37,94.4
15,10,38,94.7
15,10,39,95.1
15,10,40,95.3
15,10,41,94.2
15,10,42,94.2
15,10,43,94.7
15,10,44,94.5
15,10,45,94.7
15,10,46,94.5
15,10,47,93.9
15,10,48,95.0
15,10,49,94.7
15,10,50,94.3
15,10,51,94.5
15,10,52,94.3
15,10,53,94.4
15,10,54,95.0
15,10,55,95.1
15,10,56,94.6
15,10,57,94.9
15,10,58,94.6
15,10,59,94.4
15,10,60,94.4
15,10,61,94.5
15,10,62,94.8
15,10,63,94.6
15,10,64,94.5
15,10,65,94.5
15,10,66,94.7
15,10,67,94.2
15,10,68,95.1
15,10,69,94.6
15,10,70,94.9
15,10,71,94.8
15,10,72,94.9
15,10,73,94.6
15,10,74,94.5
15,10,75,94.6
15,10,76,94.8
15,10,77,94.6
15,10,78,94.3
15,10,79,94.5
15,10,80,94.9
15,10,81,94.3
15,10,82,94.8
15,10,83,94.8
15,10,84,94.4
15,10,85,94.6
15,10,86,94.6
15,10,87,94.5
15,10,88,95.3
15,10,89,94.4
15,10,90,94.9
15,10,91,94.1
15,10,92,95.0
15,10,93,94.3
15,10,94,94.7
15,10,95,94.7
15,10,96,94.2
15,10,97,95.1
15,10,98,94.5
15,10,99,95.0
15,11,1,95.1
15,11,2,95.0
15,11,3,94.9
15,11,4,95.4
15,11,5,95.0
15,11,6,94.8
15,11,7,95.4
15,11,8,95.1
15,11,9,95.2
15,11,10,95.5
15,11,11,94.9
15,11,12,95.3
15,11,13,94.8
15,11,14,94.8
15,11,15,95.2
15,11,16,95.5
15,11,17,95.5
15,11,18,95.4
15,11,19,95.2
15,11,20,95.3
15,11,21,95.1
15,11,22,94.6
15,11,23,95.3
15,11,24,95.1
15,11,25,95.0
15,11,26,95.0
15,11,27,94.6
15,11,28,95.3
15,11,29,95.2
15,11,30,94.6
15,11,31,95.1
15,11,32,95.0
15,11,33,95.1
15,11,34,95.3
15,11,35,95.4
15,11,36,95.2
15,11,37,95.2
15,11,38,95.2
15,11,39,95.0
15,11,40,95.5
15,11,41,95.0
15,11,42,95.0
15,11,43,95.3
15,11,44,95.0
15,11,45,95.0
15,11,46,94.8
15,11,47,95.1
15,11,48,95.1
15,11,49,94.9
15,11,50,95.0
15,11,51,95.1
15,11,52,95.2
15,11,53,94.9
15,11,54,94.7
15,11,55,95.0
15,11,56,95.7
15,11,57,95.2
15,11,58,95.1
15,11,59,95.0
15,11,60,95.1
15,11,61,94.7
15,11,62,95.0
15,11,63,94.6
15,11,64,94.9
15,11,65,95.2
15,11,66,95.1
15,11,67,95.0
15,11,68,95.8
15,11,69,95.5
15,11,70,95.0
15,11,71,95.0
15,11,72,94.8
15,11,73,95.2
15,11,74,95.0
15,11,75,94.9
15,11,76,95.2
15,11,77,95.1
15,11,78,95.7
15,11,79,95.2
15,11,80,94.5
15,11,81,95.1
15,11,82,94.7
15,11,83,95.1
15,11,84,95.2
15,11,85,95.1
15,11,86,94.8
15,11,87,94.8
15,11,88,95.4
15,11,89,94.7
15,11,90,95.1
15,11,91,94.6
15,11,92,95.4
15,11,93,95.2
15,11,94,95.0
15,11,95,94.7
15,11,96,94.9
15,11,97,95.2
15,11,98,95.1
15,11,99,94.7
15,12,1,95.4
15,12,2,95.0
15,12,3,95.6
15,12,4,95.0
15,12,5,95.3
15,12,6,95.2
15,12,7,95.6
15,12,8,95.3
15,12,9,95.7
15,12,10,95.4
15,12,11,95.4
15,12,12,95.2
15,12,13,94.9
15,12,14,95.2
15,12,15,95.6
15,12,16,95.4
15,12,17,95.2
15,12,18,95.3
15,12,19,96.0
15,12,20,95.0
15,12,21,95.6
15,12,22,95.6
15,12,23,95.5
15,12,24,95.6
15,12,25,95.7
15,12,26,95.3
15,12,27,95.2
15,12,28,95.2
15,12,29,95.7
15,12,30,95.2
15,12,31,95.6
15,12,32,95.3
15,12,33,95.3
15,12,34,95.7
15,12,35,95.5
15,12,36,95.7
15,12,37,95.4
15,12,38,94.8
15,12,39,95.2
15,12,40,95.2
15,12,41,95.4
15,12,42,95.5
15,12,43,96.1
15,12,44,95.3
15,12,45,95.8
15,12,46,95.8
15,12,47,95.5
15,12,48,95.5
15,12,49,95.0
15,12,50,94.8
15,12,51,95.1
15,12,52,95.7
15,12,53,95.5
15,12,54,95.5
15,12,55,95.5
15,12,56,95.3
15,12,57,95.3
15,12,58,95.3
15,12,59,95.2
15,12,60,95.5
15,12,61,95.4
15,12,62,95.4
15,12,63,95.7
15,12,64,95.2
15,12,65,95.1
15,12,66,95.7
15,12,67,95.4
15,12,68,95.7
15,12,69,95.4
15,12,70,94.8
15,12,71,95.2
15,12,72,95.4
15,12,73,95.6
15,12,74,95.1
15,12,75,95.5
15,12,76,95.1
15,12,77,95.3
15,12,78,95.7
15,12,79,95.6
15,12,80,95.4
15,12,81,95.8
15,12,82,95.3
15,12,83,95.1
15,12,84,95.0
15,12,85,95.3
15,12,86,95.2
15,12,87,95.4
15,12,88,95.6
15,12,89,95.3
15,12,90,95.3
15,12,91,95.1
15,12,92,96.0
15,12,93,95.4
15,12,94,95.3
15,12,95,95.3
15,12,96,95.5
15,12,97,95.3
15,12,98,95.4
15,12,99,95.6
15,13,1,95.9
15,13,2,95.3
15,13,3,95.6
15,13,4,95.6
15,13,5,95.4
15,13,6,95.2
15,13,7,95.2
15,13,8,95.2
15,13,9,96.1
15,13,10,95.4
15,13,11,95.5
15,13,12,95.4
15,13,13,95.6
15,13,14,95.2
15,13,15,95.3
15,13,16,95.5
15,13,17,95.1
15,13,18,95.6
15,13,19,95.2
15,13,20,95.8
15,13,21,95.4
15,13,22,95.4
15,13,23,95.3
15,13,24,95.5
15,13,25,95.8
15,13,26,95.4
15,13,27,95.1
15,13,28,95.8
15,13,29,96.1
15,13,30,95.7
15,13,31,96.0
15,13,32,95.7
15,13,33,95.6
15,13,34,95.5
15,13,35,96.1
15,13,36,95.2
15,13,37,95.1
15,13,38,95.6
15,13,39,95.6
15,13,40,95.6
15,13,41,95.5
15,13,42,95.5
15,13,43,95.5
15,13,44,95.8
15,13,45,95.7
15,13,46,95.6
15,13,47,95.2
15,13,48,95.6
15,13,49,95.6
15,13,50,95.4
15,13,51,95.3
15,13,52,95.8
15,13,53,95.9
15,13,54,95.6
15,13,55,95.6
15,13,56,95.3
15,13,57,95.5
15,13,58,95.6
15,13,59,95.2
15,13,60,95.2
15,13,61,95.6
15,13,62,95.7
15,13,63,95.6
15,13,64,95.0
15,13,65,95.0
15,13,66,95.8
15,13,67,95.6
15,13,68,95.5
15,13,69,95.2
15,13,70,95.5
15,13,71,95.7
15,13,72,95.5
15,13,73,95.8
15,13,74,95.7
15,13,75,95.4
15,13,76,95.6
15,13,77,95.3
15,13,78,96.1
15,13,79,95.7
15,13,80,95.5
15,13,81,95.3
15,13,82,95.2
15,13,83,95.5
15,13,84,95.1
15,13,85,95.4
15,13,86,95.0
15,13,87,95.6
15,13,88,95.7
15,13,89,95.2
15,13,90,95.7
15,13,91,95.7
15,13,92,95.2
15,13,93,95.8
15,13,94,95.6
15,13,95,95.0
15,13,96,95.7
15,13,97,95.1
15,13,98,95.6
15,13,99,95.2
15,14,1,95.4
15,14,2,95.3
15,14,3,95.7
15,14,4,95.7
15,14,5,95.6
15,14,6,95.6
15,14,7,95.5
15,14,8,95.2
15,14,9,95.9
15,14,10,95.7
15,14,11,95.4
15,14,12,95.7
15,14,13,95.5
15,14,14,95.5
15,14,15,95.5
15,14,16,95.8
15,14,17,95.2
15,14,18,95.5
15,14,19,95.6
15,14,20,95.5
15,14,21,95.7
15,14,22,96.2
15,14,23,96.0
15,14,24,95.6
15,14,25,95.5
15,14,26,95.7
15,14,27,95.4
15,14,28,95.3
15,14,29,96.0
15,14,30,95.5
15,14,31,96.1
15,14,32,95.9
15,14,33,95.1
15,14,34,95.9
15,14,35,95.8
15,14,36,95.3
15,14,37,95.8
15,14,38,95.6
15,14,39,95.5
15,14,40,95.5
15,14,41,95.6
15,14,42,95.4
15,14,43,95.7
15,14,44,95.6
15,14,45,95.9
15,14,46,96.0
15,14,47,95.4
15,14,48,95.7
15,14,49,95.6
15,14,50,95.6
15,14,51,95.8
15,14,52,95.6
15,14,53,95.6
15,14,54,95.8
15,14,55,96.2
15,14,56,95.4
15,14,57,95.0
15,14,58,96.1
15,14,59,95.6
15,14,60,95.8
15,14,61,95.3
15,14,62,95.6
15,14,63,95.7
15,14,64,95.3
15,14,65,95.5
15,14,66,95.6
15,14,67,95.9
15,14,68,95.7
15,14,69,95.2
15,14,70,95.4
15,14,71,96.2
15,14,72,95.8
15,14,73,95.9
15,14,74,95.6
15,14,75,95.9
15,14,76,95.5
15,14,77,95.6
15,14,78,95.8
15,14,79,95.6
15,14,80,95.7
15,14,81,95.2
15,14,82,95.5
15,14,83,95.6
15,14,84,95.1
15,14,85,95.9
15,14,86,95.7
15,14,87,95.5
15,14,88,95.6
15,14,89,95.0
15,14,90,95.6
15,14,91,95.6
15,14,92,95.6
15,14,93,95.5
15,14,94,96.0
15,14,95,95.6
15,14,96,95.6
15,14,97,95.1
15,14,98,95.7
15,14,99,95.0
15,15,1,95.7
15,15,2,95.5
15,15,3,95.7
15,15,4,95.6
15,15,5,95.6
15,15,6,95.5
15,15,7,95.6
15,15,8,95.7
15,15,9,95.8
15,15,10,95.8
15,15,11,96.0
15,15,12,95.7
15,15,13,95.6
15,15,14,95.1
15,15,15,95.9
15,15,16,95.7
15,15,17,95.5
15,15,18,95.6
15,15,19,95.1
15,15,20,95.7
15,15,21,96.0
15,15,22,95.9
15,15,23,95.6
15,15,24,95.5
15,15,25,95.4
15,15,26,95.5
15,15,27,95.3
15,15,28,95.8
15,15,29,95.9
15,15,30,95.3
15,15,31,95.9
15,15,32,95.7
15,15,33,95.5
15,15,34,95.8
15,15,35,95.8
15,15,36,95.6
15,15,37,95.6
15,15,38,95.6
15,15,39,95.3
15,15,40,95.5
15,15,41,95.7
15,15,42,95.7
15,15,43,95.8
15,15,44,95.9
15,15,45,95.6
15,15,46,95.9
15,15,47,96.0
15,15,48,95.6
15,15,49,95.6
15,15,50,95.5
15,15,51,95.3
15,15,52,95.7
15,15,53,95.5
15,15,54,95.7
15,15,55,95.9
15,15,56,95.6
15,15,57,95.6
15,15,58,96.0
15,15,59,95.7
15,15,60,96.0
15,15,61,96.0
15,15,62,95.4
15,15,63,95.6
15,15,64,95.4
15,15,65,95.6
15,15,66,95.6
15,15,67,95.7
15,15,68,95.6
15,15,69,95.3
15,15,70,95.6
15,15,71,95.8
15,15,72,95.6
15,15,73,95.8
15,15,74,96.0
15,15,75,95.9
15,15,76,95.8
15,15,77,95.3
15,15,78,95.6
15,15,79,95.3
15,15,80,95.7
15,15,81,95.0
15,15,82,95.2
15,15,83,95.7
15,15,84,95.4
15,15,85,95.8
15,15,86,95.8
15,15,87,95.9
15,15,88,96.1
15,15,89,95.4
15,15,90,95.7
15,15,91,95.9
15,15,92,95.6
15,15,93,95.7
15,15,94,95.7
15,15,95,95.3
15,15,96,95.9
15,15,97,95.6
15,15,98,95.3
15,15,99,95.6
16,10,1,95.1
16,10,2,94.7
16,10,3,94.7
16,10,4,94.8
16,10,5,94.2
16,10,6,95.2
16,10,7,94.5
16,10,8,95.1
16,10,9,94.9
16,10,10,94.9
16,10,11,95.0
16,10,12,94.6
16,10,13,94.4
16,10,14,94.9
16,10,15,94.8
16,10,16,95.0
16,10,17,94.6
16,10,18,95.0
16,10,19,94.7
16,10,20,94.4
16,10,21,95.1
16,10,22,94.7
16,10,23,94.2
16,10,24,95.0
16,10,25,94.6
16,10,26,94.6
16,10,27,94.3
16,10,28,94.6
16,10,29,94.8
16,10,30,95.0
16,10,31,94.7
16,10,32,94.3
16,10,33,94.6
16,10,34,94.6
16,10,35,94.6
16,10,36,94.5
16,10,37,94.3
16,10,38,94.8
16,10,39,95.1
16,10,40,95.3
16,10,41,94.5
16,10,42,94.3
16,10,43,94.8
16,10,44,94.5
16,10,45,94.7
16,10,46,94.7
16,10,47,94.0
16,10,48,95.0
16,10,49,94.6
16,10,50,94.2
16,10,51,94.7
16,10,52,94.6
16,10,53,94.5
16,10,54,94.9
16,10,55,95.1
16,10,56,94.8
16,10,57,94.7
16,10,58,94.8
16,10,59,94.4
16,10,60,94.2
16,10,61,94.5
16,10,62,94.8
16,10,63,94.6
16,10,64,94.6
16,10,65,94.7
16,10,66,94.9
16,10,67,94.5
16,10,68,95.0
16,10,69,94.9
16,10,70,95.0
16,10,71,94.9
16,10,72,95.0
16,10,73,94.6
16,10,74,94.6
16,10,75,94.7
16,10,76,94.9
16,10,77,94.8
16,10,78,94.5
16,10,79,94.6
16,10,80,94.8
16,10,81,94.1
16,10,82,95.0
16,10,83,94.9
16,10,84,94.6
16,10,85,94.7
16,10,86,95.0
16,10,87,94.4
16,10,88,95.4
16,10,89,94.3
16,10,90,95.1
16,10,91,94.1
16,10,92,95.3
16,10,93,94.7
16,10,94,94.7
16,10,95,94.8
16,10,96,94.3
16,10,97,95.1
16,10,98,94.7
16,10,99,95.1
16,11,1,95.2
16,11,2,95.0
16,11,3,95.4
16,11,4,95.3
16,11,5,95.0
16,11,6,95.0
16,11,7,95.3
16,11,8,95.1
16,11,9,95.3
16,11,10,95.5
16,11,11,94.8
16,11,12,95.3
16,11,13,95.0
16,11,14,94.8
16,11,15,95.1
16,11,16,95.6
16,11,17,95.4
16,11,18,95.5
16,11,19,95.3
16,11,20,95.4
16,11,21,95.1
16,11,22,94.6
16,11,23,95.4
16,11,24,94.8
16,11,25,95.1
16,11,26,94.9
16,11,27,94.8
16,11,28,95.5
16,11,29,95.3
16,11,30,94.6
16,11,31,95.5
16,11,32,95.2
16,11,33,95.0
16,11,34,95.4
16,11,35,95.3
16,11,36,95.4
16,11,37,95.3
16,11,38,95.3
16,11,39,94.9
16,11,40,95.6
16,11,41,95.2
16,11,42,95.0
16,11,43,95.4
16,11,44,95.2
16,11,45,95.2
16,11,46,94.7
16,11,47,95.0
16,11,48,95.0
16,11,49,95.1
16,11,50,95.1
16,11,51,95.1
16,11,52,95.3
16,11,53,95.1
16,11,54,94.6
16,11,55,95.1
16,11,56,95.3
16,11,57,95.3
16,11,58,95.2
16,11,59,94.9
16,11,60,95.0
16,11,61,94.8
16,11,62,95.1
16,11,63,94.8
16,11,64,94.7
16,11,65,95.2
16,11,66,95.0
16,11,67,94.9
16,11,68,95.6
16,11,69,95.6
16,11,70,95.1
16,11,71,95.1
16,11,72,94.9
16,11,73,95.2
16,11,74,95.3
16,11,75,94.7
16,11,76,95.1
16,11,77,95.3
16,11,78,95.6
16,11,79,95.1
16,11,80,94.7
16,11,81,95.2
16,11,82,94.7
16,11,83,95.1
16,11,84,95.4
16,11,85,94.9
16,11,86,95.0
16,11,87,95.1
16,11,88,95.2
16,11,89,94.8
16,11,90,95.0
16,11,91,94.7
16,11,92,95.5
16,11,93,95.2
16,11,94,95.1
16,11,95,94.9
16,11,96,94.7
16,11,97,95.4
16,11,98,95.0
16,11,99,94.7
16,12,1,95.3
16,12,2,95.0
16,12,3,95.7
16,12,4,95.1
16,12,5,95.5
16,12,6,95.1
16,12,7,95.6
16,12,8,95.5
16,12,9,95.6
16,12,10,95.2
16,12,11,95.4
16,12,12,95.2
16,12,13,95.0
16,12,14,95.5
16,12,15,95.7
16,12,16,95.5
16,12,17,95.1
16,12,18,95.5
16,12,19,96.1
16,12,20,95.1
16,12,21,95.7
16,12,22,95.7
16,12,23,95.5
16,12,24,95.9
16,12,25,95.7
16,12,26,95.5
16,12,27,95.2
16,12,28,95.3
16,12,29,95.8
16,12,30,95.3
16,12,31,95.7
16,12,32,95.6
16,12,33,95.4
16,12,34,95.9
16,12,35,95.6
16,12,36,95.4
16,12,37,95.7
16,12,38,94.8
16,12,39,95.3
16,12,40,95.3
16,12,41,95.4
16,12,42,95.5
16,12,43,96.0
16,12,44,95.3
16,12,45,95.9
16,12,46,95.7
16,12,47,95.4
16,12,48,95.6
16,12,49,95.1
16,12,50,95.2
16,12,51,95.2
16,12,52,95.6
16,12,53,95.6
16,12,54,95.6
16,12,55,95.6
16,12,56,95.4
16,12,57,95.3
16,12,58,95.3
16,12,59,95.4
16,12,60,95.6
16,12,61,95.3
16,12,62,95.3
16,12,63,95.6
16,12,64,95.3
16,12,65,95.3
16,12,66,95.6
16,12,67,95.2
16,12,68,95.6
16,12,69,95.3
16,12,70,94.8
16,12,71,95.3
16,12,72,95.3
16,12,73,95.8
16,12,74,95.2
16,12,75,95.3
16,12,76,95.4
16,12,77,95.5
16,12,78,95.7
16,12,79,95.8
16,12,80,95.5
16,12,81,95.8
16,12,82,95.2
16,12,83,95.1
16,12,84,95.2
16,12,85,95.3
16,12,86,95.2
16,12,87,95.2
16,12,88,95.9
16,12,89,95.3
16,12,90,95.2
16,12,91,95.3
16,12,92,95.9
16,12,93,95.5
16,12,94,95.3
16,12,95,95.3
16,12,96,95.6
16,12,97,95.3
16,12,98,95.5
16,12,99,95.7
16,13,1,95.6
16,13,2,95.2
16,13,3,95.6
16,13,4,95.7
16,13,5,95.5
16,13,6,95.3
16,13,7,95.2
16,13,8,95.5
16,13,9,95.9
16,13,10,95.4
16,13,11,95.6
16,13,12,95.3
16,13,13,95.7
16,13,14,95.2
16,13,15,95.6
16,13,16,95.4
16,13,17,95.1
16,13,18,95.6
16,13,19,95.3
16,13,20,95.8
16,13,21,95.4
16,13,22,95.3
16,13,23,95.4
16,13,24,95.6
16,13,25,95.9
16,13,26,95.4
16,13,27,95.2
16,13,28,95.9
16,13,29,95.9
16,13,30,95.9
16,13,31,96.1
16,13,32,96.0
16,13,33,95.3
16,13,34,95.6
16,13,35,96.2
16,13,36,95.4
16,13,37,95.4
16,13,38,95.6
16,13,39,95.7
16,13,40,95.6
16,13,41,95.3
16,13,42,95.5
16,13,43,96.0
16,13,44,95.6
16,13,45,95.7
16,13,46,95.7
16,13,47,95.4
16,13,48,95.2
16,13,49,95.5
16,13,50,95.6
16,13,51,95.3
16,13,52,95.8
16,13,53,95.9
16,13,54,95.6
16,13,55,95.7
16,13,56,95.5
16,13,57,95.6
16,13,58,95.6
16,13,59,95.0
16,13,60,95.1
16,13,61,95.5
16,13,62,95.7
16,13,63,95.5
16,13,64,95.2
16,13,65,95.1
16,13,66,95.8
16,13,67,95.6
16,13,68,95.5
16,13,69,95.4
16,13,70,95.5
16,13,71,95.7
16,13,72,95.5
16,13,73,95.5
16,13,74,96.0
16,13,75,95.5
16,13,76,95.6
16,13,77,95.6
16,13,78,96.0
16,13,79,95.8
16,13,80,95.5
16,13,81,95.5
16,13,82,95.4
16,13,83,95.5
16,13,84,95.0
16,13,85,95.5
16,13,86,95.3
16,13,87,95.7
16,13,88,95.7
16,13,89,95.4
16,13,90,95.6
16,13,91,95.7
16,13,92,95.3
16,13,93,96.0
16,13,94,95.6
16,13,95,95.3
16,13,96,95.7
16,13,97,95.2
16,13,98,95.6
16,13,99,95.2
16,14,1,95.6
16,14,2,95.3
16,14,3,95.6
16,14,4,95.9
16,14,5,95.6
16,14,6,95.6
16,14,7,95.4
16,14,8,95.3
16,14,9,95.8
16,14,10,95.6
16,14,11,95.3
16,14,12,95.7
16,14,13,95.6
16,14,14,95.6
16,14,15,95.5
16,14,16,95.6
16,14,17,95.3
16,14,18,95.5
16,14,19,95.6
16,14,20,95.7
16,14,21,95.9
16,14,22,96.1
16,14,23,96.0
16,14,24,95.9
16,14,25,95.5
16,14,26,95.7
16,14,27,95.6
16,14,28,95.5
16,14,29,95.9
16,14,30,95.9
16,14,31,96.3
16,14,32,96.0
16,14,33,95.0
16,14,34,95.7
16,14,35,96.1
16,14,36,95.6
16,14,37,96.1
16,14,38,95.6
16,14,39,95.6
16,14,40,95.7
16,14,41,95.6
16,14,42,95.5
16,14,43,95.9
16,14,44,95.6
16,14,45,96.1
16,14,46,95.9
16,14,47,95.6
16,14,48,96.0
16,14,49,95.9
16,14,50,95.6
16,14,51,95.6
16,14,52,95.6
16,14,53,95.7
16,14,54,95.9
16,14,55,96.1
16,14,56,95.4
16,14,57,94.9
16,14,58,96.0
16,14,59,95.5
16,14,60,95.6
16,14,61,95.2
16,14,62,95.7
16,14,63,95.7
16,14,64,95.5
16,14,65,95.6
16,14,66,95.7
16,14,67,95.9
16,14,68,95.7
16,14,69,95.5
16,14,70,95.4
16,14,71,95.9
16,14,72,95.7
16,14,73,95.8
16,14,74,95.8
16,14,75,95.7
16,14,76,95.5
16,14,77,95.9
16,14,78,95.9
16,14,79,95.6
16,14,80,95.7
16,14,81,95.5
16,14,82,95.5
16,14,83,95.7
16,14,84,95.5
16,14,85,96.3
16,14,86,95.7
16,14,87,95.4
16,14,88,95.5
16,14,89,94.8
16,14,90,95.5
16,14,91,95.7
16,14,92,95.7
16,14,93,95.6
16,14,94,96.0
16,14,95,95.7
16,14,96,95.5
16,14,97,95.2
16,14,98,95.8
16,14,99,95.5
16,15,1,95.6
16,15,2,95.2
16,15,3,95.6
16,15,4,95.7
16,15,5,95.5
16,15,6,95.6
16,15,7,95.7
16,15,8,95.7
16,15,9,95.6
16,15,10,95.7
16,15,11,95.9
16,15,12,95.8
16,15,13,96.1
16,15,14,95.1
16,15,15,96.3
16,15,16,95.8
16,15,17,95.5
16,15,18,95.7
16,15,19,95.2
16,15,20,95.7
16,15,21,95.9
16,15,22,95.7
16,15,23,95.7
16,15,24,95.6
16,15,25,95.5
16,15,26,95.6
16,15,27,95.3
16,15,28,95.8
16,15,29,95.9
16,15,30,95.2
16,15,31,95.8
16,15,32,95.7
16,15,33,95.6
16,15,34,95.8
16,15,35,95.8
16,15,36,95.8
16,15,37,95.8
16,15,38,95.3
16,15,39,95.5
16,15,40,95.6
16,15,41,95.8
16,15,42,95.4
16,15,43,96.1
16,15,44,96.1
16,15,45,95.6
16,15,46,95.9
16,15,47,95.9
16,15,48,95.8
16,15,49,95.9
16,15,50,95.5
16,15,51,95.6
16,15,52,95.9
16,15,53,95.4
16,15,54,95.7
16,15,55,96.2
16,15,56,95.6
16,15,57,95.7
16,15,58,96.0
16,15,59,95.6
16,15,60,95.9
16,15,61,96.0
16,15,62,95.5
16,15,63,95.6
16,15,64,95.4
16,15,65,95.6
16,15,66,95.6
16,15,67,95.7
16,15,68,95.6
16,15,69,95.6
16,15,70,95.7
16,15,71,95.6
16,15,72,95.7
16,15,73,95.7
16,15,74,96.0
16,15,75,95.9
16,15,76,95.8
16,15,77,95.3
16,15,78,95.7
16,15,79,95.8
16,15,80,95.8
16,15,81,95.2
16,15,82,95.0
16,15,83,95.7
16,15,84,95.5
16,15,85,95.8
16,15,86,95.6
16,15,87,95.7
16,15,88,96.0
16,15,89,95.2
16,15,90,95.9
16,15,91,95.8
16,15,92,95.6
16,15,93,95.7
16,15,94,96.0
16,15,95,95.4
16,15,96,95.9
16,15,97,95.7
16,15,98,95.3
16,15,99,95.6
17,10,1,95.1
17,10,2,94.9
17,10,3,94.6
17,10,4,94.9
17,10,5,94.4
17,10,6,95.2
17,10,7,94.7
17,10,8,95.1
17,10,9,95.1
17,10,10,94.8
17,10,11,94.8
17,10,12,94.7
17,10,13,94.6
17,10,14,95.1
17,10,15,94.7
17,10,16,95.1
17,10,17,94.6
17,10,18,95.1
17,10,19,94.8
17,10,20,94.5
17,10,21,95.1
17,10,22,94.7
17,10,23,94.4
17,10,24,95.3
17,10,25,94.6
17,10,26,94.6
17,10,27,94.1
17,10,28,94.6
17,10,29,94.7
17,10,30,94.8
17,10,31,94.8
17,10,32,94.3
17,10,33,94.5
17,10,34,94.7
17,10,35,94.8
17,10,36,94.6
17,10,37,94.3
17,10,38,95.0
17,10,39,94.9
17,10,40,95.2
17,10,41,94.3
17,10,42,94.6
17,10,43,94.8
17,10,44,94.7
17,10,45,94.8
17,10,46,94.5
17,10,47,94.0
17,10,48,95.0
17,10,49,94.7
17,10,50,94.2
17,10,51,94.6
17,10,52,94.3
17,10,53,94.6
17,10,54,95.0
17,10,55,95.0
17,10,56,94.6
17,10,57,94.8
17,10,58,94.7
17,10,59,94.4
17,10,60,94.3
17,10,61,94.8
17,10,62,95.0
17,10,63,94.9
17,10,64,94.6
17,10,65,95.0
17,10,66,94.7
17,10,67,94.8
17,10,68,94.9
17,10,69,94.7
17,10,70,95.0
17,10,71,94.9
17,10,72,95.0
17,10,73,94.6
17,10,74,94.7
17,10,75,94.6
17,10,76,95.0
17,10,77,94.8
17,10,78,94.6
17,10,79,94.7
17,10,80,94.6
17,10,81,94.2
17,10,82,94.9
17,10,83,94.8
17,10,84,94.8
17,10,85,94.6
17,10,86,94.7
17,10,87,94.4
17,10,88,95.2
17,10,89,94.3
17,10,90,95.1
17,10,91,94.2
17,10,92,95.2
17,10,93,94.6
17,10,94,94.6
17,10,95,94.8
17,10,96,94.2
17,10,97,95.0
17,10,98,94.7
17,10,99,95.1
17,11,1,95.3
17,11,2,95.1
17,11,3,95.1
17,11,4,95.2
17,11,5,95.1
17,11,6,95.1
17,11,7,95.6
17,11,8,95.4
17,11,9,95.4
17,11,10,95.3
17,11,11,95.0
17,11,12,95.4
17,11,13,95.2
17,11,14,95.2
17,11,15,95.1
17,11,16,95.4
17,11,17,95.4
17,11,18,95.5
17,11,19,95.2
17,11,20,95.5
17,11,21,95.1
17,11,22,94.6
17,11,23,95.3
17,11,24,94.8
17,11,25,95.1
17,11,26,94.8
17,11,27,94.6
17,11,28,95.5
17,11,29,95.3
17,11,30,94.5
17,11,31,95.2
17,11,32,95.2
17,11,33,95.0
17,11,34,95.3
17,11,35,95.3
17,11,36,95.3
17,11,37,95.2
17,11,38,95.3
17,11,39,95.0
17,11,40,95.5
17,11,41,95.0
17,11,42,95.0
17,11,43,95.7
17,11,44,95.2
17,11,45,95.2
17,11,46,94.9
17,11,47,95.1
17,11,48,94.8
17,11,49,95.0
17,11,50,95.1
17,11,51,95.1
17,11,52,95.1
17,11,53,95.2
17,11,54,94.6
17,11,55,95.3
17,11,56,95.7
17,11,57,95.1
17,11,58,95.2
17,11,59,94.8
17,11,60,95.0
17,11,61,94.9
17,11,62,95.1
17,11,63,95.1
17,11,64,94.8
17,11,65,95.2
17,11,66,95.2
17,11,67,94.9
17,11,68,95.8
17,11,69,95.5
17,11,70,95.2
17,11,71,95.0
17,11,72,95.0
17,11,73,95.2
17,11,74,95.4
17,11,75,95.0
17,11,76,95.2
17,11,77,95.3
17,11,78,95.8
17,11,79,95.3
17,11,80,94.8
17,11,81,95.4
17,11,82,95.1
17,11,83,95.4
17,11,84,95.5
17,11,85,95.0
17,11,86,95.2
17,11,87,95.1
17,11,88,95.3
17,11,89,95.0
17,11,90,95.1
17,11,91,95.0
17,11,92,95.6
17,11,93,95.4
17,11,94,95.0
17,11,95,95.1
17,11,96,94.9
17,11,97,95.4
17,11,98,95.0
17,11,99,94.6
17,12,1,95.5
17,12,2,94.8
17,12,3,95.6
17,12,4,95.2
17,12,5,95.5
17,12,6,95.3
17,12,7,95.5
17,12,8,95.4
17,12,9,95.8
17,12,10,95.3
17,12,11,95.4
17,12,12,95.5
17,12,13,95.1
17,12,14,95.4
17,12,15,95.7
17,12,16,95.6
17,12,17,95.2
17,12,18,95.5
17,12,19,95.8
17,12,20,95.0
17,12,21,95.7
17,12,22,95.6
17,12,23,95.5
17,12,24,96.0
17,12,25,95.7
17,12,26,95.5
17,12,27,95.2
17,12,28,95.5
17,12,29,95.8
17,12,30,95.4
17,12,31,95.5
17,12,32,95.6
17,12,33,95.6
17,12,34,95.9
17,12,35,95.7
17,12,36,95.6
17,12,37,95.5
17,12,38,94.9
17,12,39,95.2
17,12,40,95.3
17,12,41,95.3
17,12,42,95.6
17,12,43,96.3
17,12,44,95.6
17,12,45,95.9
17,12,46,95.7
17,12,47,95.3
17,12,48,95.5
17,12,49,95.2
17,12,50,95.3
17,12,51,95.2
17,12,52,95.7
17,12,53,95.4
17,12,54,95.6
17,12,55,95.5
17,12,56,95.3
17,12,57,95.6
17,12,58,95.5
17,12,59,95.3
17,12,60,95.5
17,12,61,95.3
17,12,62,95.3
17,12,63,95.6
17,12,64,95.3
17,12,65,95.3
17,12,66,95.9
17,12,67,95.3
17,12,68,95.7
17,12,69,95.5
17,12,70,94.9
17,12,71,95.3
17,12,72,95.5
17,12,73,95.9
17,12,74,95.3
17,12,75,95.4
17,12,76,95.4
17,12,77,95.4
17,12,78,96.0
17,12,79,95.8
17,12,80,95.5
17,12,81,95.7
17,12,82,95.4
17,12,83,95.2
17,12,84,95.2
17,12,85,95.3
17,12,86,95.5
17,12,87,95.3
17,12,88,95.7
17,12,89,95.2
17,12,90,95.3
17,12,91,95.3
17,12,92,95.9
17,12,93,95.3
17,12,94,95.4
17,12,95,95.3
17,12,96,95.8
17,12,97,95.3
17,12,98,95.5
17,12,99,95.7
17,13,1,95.8
17,13,2,95.3
17,13,3,95.7
17,13,4,95.6
17,13,5,95.5
17,13,6,95.2
17,13,7,95.4
17,13,8,95.5
17,13,9,96.0
17,13,10,95.4
17,13,11,95.5
17,13,12,95.7
17,13,13,95.6
17,13,14,95.3
17,13,15,95.6
17,13,16,95.8
17,13,17,95.1
17,13,18,95.8
17,13,19,95.3
17,13,20,95.9
17,13,21,95.3
17,13,22,95.1
17,13,23,95.5
17,13,24,95.6
17,13,25,95.7
17,13,26,95.6
17,13,27,95.4
17,13,28,95.7
17,13,29,95.9
17,13,30,95.5
17,13,31,96.0
17,13,32,95.9
17,13,33,95.6
17,13,34,95.6
17,13,35,96.2
17,13,36,95.4
17,13,37,95.3
17,13,38,95.6
17,13,39,95.7
17,13,40,95.8
17,13,41,95.5
17,13,42,95.5
17,13,43,95.8
17,13,44,95.9
17,13,45,95.8
17,13,46,95.8
17,13,47,95.2
17,13,48,95.4
17,13,49,95.4
17,13,50,95.4
17,13,51,95.4
17,13,52,96.0
17,13,53,95.8
17,13,54,95.6
17,13,55,95.7
17,13,56,95.4
17,13,57,95.6
17,13,58,95.3
17,13,59,95.1
17,13,60,95.2
17,13,61,95.5
17,13,62,95.7
17,13,63,95.6
17,13,64,95.5
17,13,65,95.2
17,13,66,96.0
17,13,67,95.5
17,13,68,95.6
17,13,69,95.3
17,13,70,95.7
17,13,71,95.8
17,13,72,95.5
17,13,73,95.5
17,13,74,96.0
17,13,75,95.5
17,13,76,95.6
17,13,77,95.6
17,13,78,96.0
17,13,79,95.9
17,13,80,95.6
17,13,81,95.6
17,13,82,95.4
17,13,83,95.6
17,13,84,95.1
17,13,85,95.5
17,13,86,95.4
17,13,87,95.9
17,13,88,95.7
17,13,89,95.3
17,13,90,95.6
17,13,91,95.7
17,13,92,95.6
17,13,93,95.9
17,13,94,95.7
17,13,95,95.4
17,13,96,95.8
17,13,97,95.6
17,13,98,95.6
17,13,99,95.1
17,14,1,95.6
17,14,2,95.5
17,14,3,95.7
17,14,4,95.9
17,14,5,95.7
17,14,6,95.7
17,14,7,95.4
17,14,8,95.5
17,14,9,96.1
17,14,10,95.8
17,14,11,95.6
17,14,12,95.7
17,14,13,95.6
17,14,14,95.9
17,14,15,95.6
17,14,16,95.6
17,14,17,95.6
17,14,18,95.3
17,14,19,95.6
17,14,20,95.9
17,14,21,96.0
17,14,22,96.1
17,14,23,96.1
17,14,24,95.6
17,14,25,95.7
17,14,26,95.9
17,14,27,95.5
17,14,28,95.5
17,14,29,95.8
17,14,30,95.8
17,14,31,96.4
17,14,32,96.2
17,14,33,95.2
17,14,34,95.8
17,14,35,95.9
17,14,36,95.6
17,14,37,96.0
17,14,38,95.9
17,14,39,95.7
17,14,40,95.5
17,14,41,95.5
17,14,42,95.6
17,14,43,96.0
17,14,44,95.7
17,14,45,95.9
17,14,46,96.0
17,14,47,95.7
17,14,48,96.0
17,14,49,95.6
17,14,50,95.6
17,14,51,95.9
17,14,52,95.6
17,14,53,95.8
17,14,54,96.0
17,14,55,96.3
17,14,56,95.4
17,14,57,95.0
17,14,58,95.9
17,14,59,95.6
17,14,60,95.7
17,14,61,95.3
17,14,62,95.9
17,14,63,95.9
17,14,64,95.6
17,14,65,95.6
17,14,66,95.7
17,14,67,95.8
17,14,68,95.8
17,14,69,95.4
17,14,70,95.5
17,14,71,96.1
17,14,72,95.7
17,14,73,95.9
17,14,74,95.7
17,14,75,95.7
17,14,76,95.5
17,14,77,96.0
17,14,78,95.8
17,14,79,95.7
17,14,80,95.6
17,14,81,95.7
17,14,82,95.6
17,14,83,95.7
17,14,84,95.6
17,14,85,96.1
17,14,86,95.7
17,14,87,95.6
17,14,88,95.6
17,14,89,95.0
17,14,90,95.6
17,14,91,95.6
17,14,92,95.9
17,14,93,95.7
17,14,94,96.0
17,14,95,95.6
17,14,96,95.6
17,14,97,95.4
17,14,98,95.7
17,14,99,95.1
17,15,1,95.7
17,15,2,95.5
17,15,3,95.7
17,15,4,95.7
17,15,5,95.7
17,15,6,95.8
17,15,7,96.1
17,15,8,96.0
17,15,9,95.7
17,15,10,95.7
17,15,11,96.0
17,15,12,95.9
17,15,13,96.0
17,15,14,95.5
17,15,15,96.0
17,15,16,95.7
17,15,17,95.7
17,15,18,95.7
17,15,19,95.4
17,15,20,95.6
17,15,21,96.0
17,15,22,95.8
17,15,23,95.8
17,15,24,95.5
17,15,25,95.3
17,15,26,95.6
17,15,27,95.3
17,15,28,95.9
17,15,29,96.0
17,15,30,95.4
17,15,31,96.1
17,15,32,95.7
17,15,33,95.8
17,15,34,95.6
17,15,35,96.1
17,15,36,95.8
17,15,37,95.6
17,15,38,95.7
17,15,39,95.6
17,15,40,95.6
17,15,41,95.8
17,15,42,95.6
17,15,43,96.1
17,15,44,95.9
17,15,45,95.7
17,15,46,95.9
17,15,47,95.9
17,15,48,95.5
17,15,49,95.7
17,15,50,95.6
17,15,51,95.3
17,15,52,96.1
17,15,53,95.7
17,15,54,96.0
17,15,55,96.2
17,15,56,95.6
17,15,57,95.9
17,15,58,95.7
17,15,59,95.7
17,15,60,95.8
17,15,61,96.0
17,15,62,95.5
17,15,63,95.6
17,15,64,95.6
17,15,65,95.6
17,15,66,95.7
17,15,67,95.7
17,15,68,95.7
17,15,69,95.7
17,15,70,95.7
17,15,71,95.7
17,15,72,95.9
17,15,73,95.9
17,15,74,96.2
17,15,75,95.8
17,15,76,95.7
17,15,77,95.4
17,15,78,95.7
17,15,79,95.6
17,15,80,95.8
17,15,81,95.5
17,15,82,95.1
17,15,83,95.8
17,15,84,95.5
17,15,85,96.0
17,15,86,95.6
17,15,87,96.0
17,15,88,96.1
17,15,89,95.7
17,15,90,95.8
17,15,91,95.9
17,15,92,95.7
17,15,93,95.7
17,15,94,95.9
17,15,95,95.5
17,15,96,96.1
17,15,97,95.7
17,15,98,95.6
17,15,99,95.5
18,10,1,95.0
18,10,2,95.1
18,10,3,94.7
18,10,4,94.6
18,10,5,94.6
18,10,6,95.3
18,10,7,94.8
18,10,8,95.3
18,10,9,94.7
18,10,10,94.8
18,10,11,95.2
18,10,12,94.9
18,10,13,94.7
18,10,14,95.0
18,10,15,95.0
18,10,16,95.4
18,10,17,94.7
18,10,18,95.1
18,10,19,94.8
18,10,20,94.5
18,10,21,95.1
18,10,22,94.8
18,10,23,94.6
18,10,24,95.0
18,10,25,94.6
18,10,26,94.8
18,10,27,94.1
18,10,28,94.8
18,10,29,94.8
18,10,30,95.1
18,10,31,94.6
18,10,32,94.6
18,10,33,94.7
18,10,34,95.1
18,10,35,94.7
18,10,36,94.5
18,10,37,94.5
18,10,38,95.0
18,10,39,95.1
18,10,40,95.3
18,10,41,94.5
18,10,42,94.7
18,10,43,94.7
18,10,44,94.8
18,10,45,94.5
18,10,46,94.7
18,10,47,94.1
18,10,48,95.1
18,10,49,94.7
18,10,50,94.3
18,10,51,94.6
18,10,52,94.4
18,10,53,94.5
18,10,54,95.1
18,10,55,95.2
18,10,56,94.8
18,10,57,94.8
18,10,58,94.6
18,10,59,94.4
18,10,60,94.5
18,10,61,95.0
18,10,62,95.0
18,10,63,94.7
18,10,64,94.4
18,10,65,95.0
18,10,66,94.9
18,10,67,94.5
18,10,68,95.1
18,10,69,94.6
18,10,70,95.0
18,10,71,94.9
18,10,72,94.9
18,10,73,94.6
18,10,74,94.7
18,10,75,94.7
18,10,76,95.0
18,10,77,94.7
18,10,78,94.7
18,10,79,94.6
18,10,80,95.0
18,10,81,94.3
18,10,82,94.9
18,10,83,94.7
18,10,84,94.8
18,10,85,94.7
18,10,86,95.1
18,10,87,94.4
18,10,88,95.2
18,10,89,94.4
18,10,90,95.1
18,10,91,94.4
18,10,92,95.1
18,10,93,94.9
18,10,94,94.9
18,10,95,94.7
18,10,96,94.2
18,10,97,94.8
18,10,98,94.6
18,10,99,95.0
18,11,1,95.5
18,11,2,95.0
18,11,3,95.1
18,11,4,95.4
18,11,5,95.0
18,11,6,95.3
18,11,7,95.6
18,11,8,95.3
18,11,9,95.2
18,11,10,95.3
18,11,11,95.1
18,11,12,95.5
18,11,13,95.0
18,11,14,95.1
18,11,15,95.1
18,11,16,95.5
18,11,17,95.5
18,11,18,95.6
18,11,19,95.3
18,11,20,95.5
18,11,21,95.2
18,11,22,94.8
18,11,23,95.5
18,11,24,95.1
18,11,25,95.3
18,11,26,95.0
18,11,27,94.6
18,11,28,95.6
18,11,29,95.1
18,11,30,94.8
18,11,31,95.1
18,11,32,95.1
18,11,33,95.1
18,11,34,95.3
18,11,35,95.5
18,11,36,95.3
18,11,37,95.3
18,11,38,95.2
18,11,39,95.0
18,11,40,95.6
18,11,41,95.1
18,11,42,95.2
18,11,43,95.6
18,11,44,95.4
18,11,45,95.2
18,11,46,95.0
18,11,47,95.1
18,11,48,94.9
18,11,49,95.0
18,11,50,95.1
18,11,51,95.1
18,11,52,95.4
18,11,53,95.5
18,11,54,94.7
18,11,55,95.2
18,11,56,95.4
18,11,57,95.3
18,11,58,95.1
18,11,59,94.7
18,11,60,95.0
18,11,61,95.0
18,11,62,95.1
18,11,63,95.1
18,11,64,95.1
18,11,65,95.2
18,11,66,95.2
18,11,67,95.0
18,11,68,95.8
18,11,69,95.3
18,11,70,95.3
18,11,71,95.2
18,11,72,95.1
18,11,73,95.2
18,11,74,95.5
18,11,75,95.1
18,11,76,95.3
18,11,77,95.2
18,11,78,95.7
18,11,79,95.2
18,11,80,94.8
18,11,81,95.3
18,11,82,95.2
18,11,83,95.3
18,11,84,95.3
18,11,85,95.2
18,11,86,95.4
18,11,87,95.2
18,11,88,95.3
18,11,89,95.0
18,11,90,95.3
18,11,91,95.3
18,11,92,95.6
18,11,93,95.4
18,11,94,95.1
18,11,95,95.0
18,11,96,94.9
18,11,97,95.3
18,11,98,94.9
18,11,99,94.8
18,12,1,95.5
18,12,2,94.8
18,12,3,95.7
18,12,4,95.1
18,12,5,95.6
18,12,6,95.4
18,12,7,95.4
18,12,8,95.4
18,12,9,95.8
18,12,10,95.1
18,12,11,95.5
18,12,12,95.7
18,12,13,95.1
18,12,14,95.4
18,12,15,95.7
18,12,16,95.6
18,12,17,95.2
18,12,18,95.6
18,12,19,95.8
18,12,20,95.2
18,12,21,95.7
18,12,22,95.7
18,12,23,95.5
18,12,24,95.9
18,12,25,95.7
18,12,26,95.5
18,12,27,95.5
18,12,28,95.3
18,12,29,95.6
18,12,30,95.3
18,12,31,95.6
18,12,32,95.7
18,12,33,95.4
18,12,34,95.9
18,12,35,95.7
18,12,36,95.9
18,12,37,95.5
18,12,38,95.2
18,12,39,95.5
18,12,40,95.3
18,12,41,95.3
18,12,42,95.7
18,12,43,96.1
18,12,44,95.5
18,12,45,95.7
18,12,46,95.6
18,12,47,95.2
18,12,48,95.7
18,12,49,95.3
18,12,50,95.4
18,12,51,95.5
18,12,52,95.7
18,12,53,95.6
18,12,54,95.6
18,12,55,95.5
18,12,56,95.5
18,12,57,95.7
18,12,58,95.5
18,12,59,95.2
18,12,60,95.6
18,12,61,95.3
18,12,62,95.7
18,12,63,95.5
18,12,64,95.4
18,12,65,95.4
18,12,66,95.7
18,12,67,95.3
18,12,68,95.9
18,12,69,95.5
18,12,70,95.0
18,12,71,95.4
18,12,72,95.5
18,12,73,95.9
18,12,74,95.4
18,12,75,95.5
18,12,76,95.4
18,12,77,95.6
18,12,78,95.9
18,12,79,95.8
18,12,80,95.7
18,12,81,95.7
18,12,82,95.4
18,12,83,95.1
18,12,84,95.1
18,12,85,95.4
18,12,86,95.4
18,12,87,95.5
18,12,88,95.6
18,12,89,95.5
18,12,90,95.4
18,12,91,95.4
18,12,92,95.7
18,12,93,95.4
18,12,94,95.6
18,12,95,95.2
18,12,96,95.9
18,12,97,95.3
18,12,98,95.3
18,12,99,95.7
18,13,1,95.8
18,13,2,95.3
18,13,3,95.7
18,13,4,95.3
18,13,5,95.6
18,13,6,95.5
18,13,7,95.5
18,13,8,95.5
18,13,9,96.0
18,13,10,95.3
18,13,11,95.7
18,13,12,95.6
18,13,13,95.7
18,13,14,95.4
18,13,15,95.5
18,13,16,95.6
18,13,17,95.3
18,13,18,95.8
18,13,19,95.2
18,13,20,95.7
18,13,21,95.4
18,13,22,95.6
18,13,23,95.7
18,13,24,95.8
18,13,25,95.7
18,13,26,95.5
18,13,27,95.3
18,13,28,95.9
18,13,29,96.0
18,13,30,95.7
18,13,31,96.0
18,13,32,96.0
18,13,33,95.7
18,13,34,95.6
18,13,35,96.1
18,13,36,95.6
18,13,37,95.3
18,13,38,95.7
18,13,39,96.0
18,13,40,95.8
18,13,41,95.2
18,13,42,95.5
18,13,43,96.0
18,13,44,95.8
18,13,45,95.9
18,13,46,95.7
18,13,47,95.6
18,13,48,95.3
18,13,49,95.5
18,13,50,95.6
18,13,51,95.3
18,13,52,95.7
18,13,53,96.2
18,13,54,95.7
18,13,55,95.7
18,13,56,95.5
18,13,57,95.8
18,13,58,95.5
18,13,59,95.1
18,13,60,95.3
18,13,61,95.5
18,13,62,95.7
18,13,63,95.4
18,13,64,95.5
18,13,65,95.2
18,13,66,95.9
18,13,67,95.7
18,13,68,95.8
18,13,69,95.3
18,13,70,95.5
18,13,71,95.9
18,13,72,95.6
18,13,73,95.6
18,13,74,95.9
18,13,75,95.7
18,13,76,95.7
18,13,77,95.6
18,13,78,96.0
18,13,79,95.8
18,13,80,95.5
18,13,81,95.7
18,13,82,95.5
18,13,83,95.6
18,13,84,95.3
18,13,85,95.4
18,13,86,95.2
18,13,87,95.9
18,13,88,96.0
18,13,89,95.6
18,13,90,95.6
18,13,91,95.8
18,13,92,95.6
18,13,93,95.9
18,13,94,95.7
18,13,95,95.3
18,13,96,95.9
18,13,97,95.6
18,13,98,95.5
18,13,99,95.2
18,14,1,95.7
18,14,2,95.4
18,14,3,95.8
18,14,4,96.0
18,14,5,95.8
18,14,6,95.7
18,14,7,95.5
18,14,8,95.3
18,14,9,96.1
18,14,10,95.6
18,14,11,95.5
18,14,12,95.6
18,14,13,95.6
18,14,14,95.7
18,14,15,95.7
18,14,16,95.6
18,14,17,95.6
18,14,18,95.7
18,14,19,95.9
18,14,20,95.7
18,14,21,96.0
18,14,22,96.3
18,14,23,96.1
18,14,24,95.8
18,14,25,95.7
18,14,26,95.8
18,14,27,95.5
18,14,28,95.5
18,14,29,95.9
18,14,30,95.8
18,14,31,96.2
18,14,32,96.3
18,14,33,95.2
18,14,34,96.0
18,14,35,95.9
18,14,36,95.7
18,14,37,95.8
18,14,38,95.9
18,14,39,95.7
18,14,40,95.9
18,14,41,95.7
18,14,42,95.6
18,14,43,96.0
18,14,44,95.9
18,14,45,96.2
18,14,46,96.0
18,14,47,95.6
18,14,48,95.9
18,14,49,95.9
18,14,50,95.6
18,14,51,95.8
18,14,52,95.6
18,14,53,95.7
18,14,54,95.9
18,14,55,96.1
18,14,56,95.6
18,14,57,95.1
18,14,58,96.1
18,14,59,95.7
18,14,60,95.6
18,14,61,95.5
18,14,62,95.9
18,14,63,95.9
18,14,64,95.6
18,14,65,95.7
18,14,66,95.6
18,14,67,95.9
18,14,68,95.7
18,14,69,95.3
18,14,70,95.4
18,14,71,96.0
18,14,72,95.8
18,14,73,95.8
18,14,74,95.9
18,14,75,95.7
18,14,76,95.5
18,14,77,96.0
18,14,78,95.8
18,14,79,95.7
18,14,80,95.6
18,14,81,95.5
18,14,82,95.6
18,14,83,95.8
18,14,84,95.6
18,14,85,96.2
18,14,86,95.9
18,14,87,95.6
18,14,88,95.6
18,14,89,95.2
18,14,90,95.5
18,14,91,95.8
18,14,92,95.7
18,14,93,95.8
18,14,94,96.1
18,14,95,95.8
18,14,96,95.6
18,14,97,95.6
18,14,98,95.7
18,14,99,95.4
18,15,1,95.9
18,15,2,95.5
18,15,3,95.7
18,15,4,95.6
18,15,5,95.7
18,15,6,95.9
18,15,7,96.2
18,15,8,95.8
18,15,9,95.6
18,15,10,95.8
18,15,11,95.7
18,15,12,95.9
18,15,13,96.0
18,15,14,95.4
18,15,15,96.1
18,15,16,95.9
18,15,17,95.7
18,15,18,95.7
18,15,19,95.6
18,15,20,95.6
18,15,21,96.1
18,15,22,95.8
18,15,23,96.0
18,15,24,95.7
18,15,25,95.6
18,15,26,95.8
18,15,27,95.4
18,15,28,95.9
18,15,29,96.0
18,15,30,95.4
18,15,31,96.0
18,15,32,95.7
18,15,33,95.7
18,15,34,95.6
18,15,35,95.8
18,15,36,95.9
18,15,37,95.6
18,15,38,95.7
18,15,39,95.6
18,15,40,95.5
18,15,41,95.8
18,15,42,95.7
18,15,43,96.2
18,15,44,95.9
18,15,45,95.7
18,15,46,96.0
18,15,47,95.9
18,15,48,95.5
18,15,49,95.8
18,15,50,95.8
18,15,51,95.5
18,15,52,96.3
18,15,53,95.9
18,15,54,96.1
18,15,55,96.4
18,15,56,95.6
18,15,57,96.1
18,15,58,96.0
18,15,59,95.9
18,15,60,95.9
18,15,61,96.1
18,15,62,95.7
18,15,63,95.7
18,15,64,95.9
18,15,65,95.9
18,15,66,95.6
18,15,67,95.8
18,15,68,95.6
18,15,69,95.6
18,15,70,95.7
18,15,71,95.7
18,15,72,95.9
18,15,73,96.0
18,15,74,96.2
18,15,75,95.8
18,15,76,95.7
18,15,77,95.3
18,15,78,95.6
18,15,79,95.7
18,15,80,95.8
18,15,81,95.4
18,15,82,95.4
18,15,83,95.8
18,15,84,95.6
18,15,85,96.0
18,15,86,95.9
18,15,87,96.1
18,15,88,96.0
18,15,89,95.6
18,15,90,95.7
18,15,91,95.9
18,15,92,95.9
18,15,93,95.7
18,15,94,96.0
18,15,95,95.5
18,15,96,96.0
18,15,97,95.7
18,15,98,95.7
18,15,99,95.7
19,10,1,94.9
19,10,2,95.2
19,10,3,94.9
19,10,4,94.8
19,10,5,94.8
19,10,6,95.3
19,10,7,95.0
19,10,8,95.2
19,10,9,95.0
19,10,10,94.9
19,10,11,95.0
19,10,12,94.8
19,10,13,94.5
19,10,14,95.1
19,10,15,94.8
19,10,16,95.4
19,10,17,94.7
19,10,18,95.2
19,10,19,94.8
19,10,20,94.4
19,10,21,95.2
19,10,22,94.9
19,10,23,94.6
19,10,24,95.0
19,10,25,94.7
19,10,26,94.8
19,10,27,94.3
19,10,28,94.8
19,10,29,94.8
19,10,30,94.9
19,10,31,94.7
19,10,32,94.6
19,10,33,94.7
19,10,34,95.0
19,10,35,94.9
19,10,36,94.7
19,10,37,94.7
19,10,38,94.8
19,10,39,95.2
19,10,40,95.1
19,10,41,94.5
19,10,42,94.5
19,10,43,94.8
19,10,44,94.9
19,10,45,94.8
19,10,46,94.6
19,10,47,94.3
19,10,48,95.0
19,10,49,95.0
19,10,50,94.3
19,10,51,94.6
19,10,52,94.5
19,10,53,94.6
19,10,54,95.2
19,10,55,95.3
19,10,56,94.8
19,10,57,94.6
19,10,58,94.8
19,10,59,94.5
19,10,60,94.4
19,10,61,94.9
19,10,62,95.0
19,10,63,94.9
19,10,64,94.5
19,10,65,95.3
19,10,66,94.8
19,10,67,94.8
19,10,68,94.9
19,10,69,94.6
19,10,70,95.3
19,10,71,94.8
19,10,72,95.0
19,10,73,94.7
19,10,74,94.6
19,10,75,94.7
19,10,76,95.1
19,10,77,94.5
19,10,78,94.7
19,10,79,94.7
19,10,80,95.0
19,10,81,94.3
19,10,82,94.9
19,10,83,94.7
19,10,84,94.8
19,10,85,94.8
19,10,86,94.9
19,10,87,94.5
19,10,88,95.3
19,10,89,94.4
19,10,90,95.1
19,10,91,94.2
19,10,92,95.1
19,10,93,94.9
19,10,94,94.7
19,10,95,94.8
19,10,96,94.3
19,10,97,95.1
19,10,98,94.7
19,10,99,94.9
19,11,1,95.2
19,11,2,95.1
19,11,3,95.0
19,11,4,95.5
19,11,5,95.2
19,11,6,95.3
19,11,7,95.8
19,11,8,95.3
19,11,9,95.5
19,11,10,95.4
19,11,11,95.2
19,11,12,95.5
19,11,13,95.0
19,11,14,95.1
19,11,15,95.1
19,11,16,95.5
19,11,17,95.5
19,11,18,95.4
19,11,19,95.3
19,11,20,95.5
19,11,21,95.3
19,11,22,94.8
19,11,23,95.5
19,11,24,95.2
19,11,25,95.3
19,11,26,95.1
19,11,27,94.7
19,11,28,95.7
19,11,29,95.4
19,11,30,94.6
19,11,31,95.2
19,11,32,95.2
19,11,33,95.1
19,11,34,95.3
19,11,35,95.4
19,11,36,95.5
19,11,37,95.2
19,11,38,95.3
19,11,39,95.1
19,11,40,95.5
19,11,41,95.3
19,11,42,95.2
19,11,43,95.6
19,11,44,95.2
19,11,45,95.2
19,11,46,94.8
19,11,47,95.0
19,11,48,94.9
19,11,49,95.1
19,11,50,95.3
19,11,51,95.2
19,11,52,95.4
19,11,53,95.5
19,11,54,94.8
19,11,55,95.3
19,11,56,95.5
19,11,57,95.4
19,11,58,95.1
19,11,59,94.8
19,11,60,95.0
19,11,61,94.9
19,11,62,95.3
19,11,63,94.9
19,11,64,95.3
19,11,65,95.1
19,11,66,95.5
19,11,67,94.8
19,11,68,95.8
19,11,69,95.3
19,11,70,95.5
19,11,71,95.1
19,11,72,95.2
19,11,73,95.3
19,11,74,95.5
19,11,75,95.1
19,11,76,95.2
19,11,77,95.3
19,11,78,95.8
19,11,79,95.2
19,11,80,94.8
19,11,81,95.3
19,11,82,95.0
19,11,83,95.4
19,11,84,95.4
19,11,85,95.1
19,11,86,95.3
19,11,87,95.0
19,11,88,95.3
19,11,89,95.2
19,11,90,95.3
19,11,91,95.5
19,11,92,95.6
19,11,93,95.5
19,11,94,95.2
19,11,95,95.1
19,11,96,94.9
19,11,97,95.4
19,11,98,95.0
19,11,99,94.7
19,12,1,95.4
19,12,2,95.0
19,12,3,95.7
19,12,4,95.0
19,12,5,95.6
19,12,6,95.3
19,12,7,95.4
19,12,8,95.7
19,12,9,95.7
19,12,10,95.5
19,12,11,95.6
19,12,12,95.4
19,12,13,95.0
19,12,14,95.7
19,12,15,95.8
19,12,16,95.6
19,12,17,95.4
19,12,18,95.8
19,12,19,95.9
19,12,20,95.1
19,12,21,95.7
19,12,22,95.7
19,12,23,95.6
19,12,24,95.9
19,12,25,95.7
19,12,26,95.6
19,12,27,95.4
19,12,28,95.4
19,12,29,95.6
19,12,30,95.4
19,12,31,95.5
19,12,32,95.6
19,12,33,95.4
19,12,34,95.9
19,12,35,95.9
19,12,36,95.9
19,12,37,95.7
19,12,38,95.4
19,12,39,95.6
19,12,40,95.1
19,12,41,95.6
19,12,42,95.7
19,12,43,96.2
19,12,44,95.4
19,12,45,95.7
19,12,46,95.7
19,12,47,95.1
19,12,48,95.6
19,12,49,95.6
19,12,50,95.2
19,12,51,95.4
19,12,52,95.9
19,12,53,95.4
19,12,54,95.6
19,12,55,95.8
19,12,56,95.3
19,12,57,95.7
19,12,58,95.5
19,12,59,95.2
19,12,60,95.5
19,12,61,95.3
19,12,62,95.6
19,12,63,95.6
19,12,64,95.5
19,12,65,95.4
19,12,66,95.6
19,12,67,95.2
19,12,68,95.7
19,12,69,95.6
19,12,70,94.9
19,12,71,95.4
19,12,72,95.6
19,12,73,95.6
19,12,74,95.3
19,12,75,95.5
19,12,76,95.6
19,12,77,95.7
19,12,78,95.9
19,12,79,95.7
19,12,80,95.8
19,12,81,95.6
19,12,82,95.4
19,12,83,95.1
19,12,84,95.2
19,12,85,95.3
19,12,86,95.3
19,12,87,95.5
19,12,88,95.8
19,12,89,95.5
19,12,90,95.3
19,12,91,95.2
19,12,92,95.6
19,12,93,95.4
19,12,94,95.7
19,12,95,95.3
19,12,96,95.9
19,12,97,95.3
19,12,98,95.4
19,12,99,95.7
19,13,1,96.0
19,13,2,95.7
19,13,3,95.8
19,13,4,95.3
19,13,5,95.7
19,13,6,95.2
19,13,7,95.5
19,13,8,95.5
19,13,9,96.1
19,13,10,95.4
19,13,11,95.5
19,13,12,95.8
19,13,13,95.8
19,13,14,95.7
19,13,15,95.7
19,13,16,95.6
19,13,17,95.3
19,13,18,95.7
19,13,19,95.3
19,13,20,95.7
19,13,21,95.6
19,13,22,95.3
19,13,23,95.8
19,13,24,95.6
19,13,25,95.7
19,13,26,95.7
19,13,27,95.3
19,13,28,95.8
19,13,29,96.0
19,13,30,95.8
19,13,31,96.0
19,13,32,96.1
19,13,33,95.8
19,13,34,95.7
19,13,35,96.2
19,13,36,95.8
19,13,37,95.3
19,13,38,95.9
19,13,39,95.7
19,13,40,95.8
19,13,41,95.3
19,13,42,95.7
19,13,43,95.9
19,13,44,95.9
19,13,45,95.7
19,13,46,95.6
19,13,47,95.5
19,13,48,95.3
19,13,49,95.6
19,13,50,95.5
19,13,51,95.5
19,13,52,96.0
19,13,53,96.0
19,13,54,95.6
19,13,55,95.7
19,13,56,95.4
19,13,57,95.8
19,13,58,95.4
19,13,59,95.2
19,13,60,95.5
19,13,61,95.6
19,13,62,95.9
19,13,63,95.6
19,13,64,95.5
19,13,65,95.2
19,13,66,95.9
19,13,67,95.7
19,13,68,95.7
19,13,69,95.3
19,13,70,95.6
19,13,71,96.0
19,13,72,95.7
19,13,73,95.5
19,13,74,95.8
19,13,75,95.5
19,13,76,95.5
19,13,77,95.6
19,13,78,96.0
19,13,79,95.6
19,13,80,95.6
19,13,81,95.6
19,13,82,95.5
19,13,83,95.5
19,13,84,95.3
19,13,85,95.2
19,13,86,95.5
19,13,87,95.9
19,13,88,95.9
19,13,89,95.5
19,13,90,95.6
19,13,91,95.8
19,13,92,95.7
19,13,93,95.9
19,13,94,95.5
19,13,95,95.3
19,13,96,95.6
19,13,97,95.5
19,13,98,95.6
19,13,99,95.3
19,14,1,95.7
19,14,2,95.6
19,14,3,95.9
19,14,4,95.8
19,14,5,95.9
19,14,6,95.7
19,14,7,95.5
19,14,8,95.6
19,14,9,96.0
19,14,10,95.9
19,14,11,95.7
19,14,12,95.8
19,14,13,95.8
19,14,14,95.8
19,14,15,95.6
19,14,16,96.0
19,14,17,95.6
19,14,18,95.5
19,14,19,95.8
19,14,20,95.8
19,14,21,96.1
19,14,22,96.3
19,14,23,96.1
19,14,24,96.1
19,14,25,95.9
19,14,26,95.9
19,14,27,95.5
19,14,28,95.6
19,14,29,96.1
19,14,30,95.7
19,14,31,96.2
19,14,32,96.1
19,14,33,95.4
19,14,34,95.7
19,14,35,96.0
19,14,36,95.7
19,14,37,96.0
19,14,38,96.0
19,14,39,95.6
19,14,40,95.6
19,14,41,95.8
19,14,42,95.7
19,14,43,96.0
19,14,44,95.7
19,14,45,96.3
19,14,46,96.1
19,14,47,95.7
19,14,48,95.9
19,14,49,95.9
19,14,50,95.5
19,14,51,95.9
19,14,52,95.5
19,14,53,95.8
19,14,54,96.0
19,14,55,96.3
19,14,56,95.7
19,14,57,95.3
19,14,58,96.1
19,14,59,95.8
19,14,60,95.5
19,14,61,95.6
19,14,62,95.9
19,14,63,95.9
19,14,64,95.7
19,14,65,95.6
19,14,66,95.5
19,14,67,96.0
19,14,68,95.9
19,14,69,95.1
19,14,70,95.5
19,14,71,96.2
19,14,72,96.1
19,14,73,95.9
19,14,74,95.9
19,14,75,95.7
19,14,76,95.4
19,14,77,96.0
19,14,78,95.9
19,14,79,95.8
19,14,80,95.8
19,14,81,95.5
19,14,82,95.7
19,14,83,95.7
19,14,84,95.6
19,14,85,96.0
19,14,86,96.0
19,14,87,95.8
19,14,88,95.7
19,14,89,95.3
19,14,90,95.6
19,14,91,95.9
19,14,92,95.7
19,14,93,96.0
19,14,94,96.1
19,14,95,95.9
19,14,96,95.7
19,14,97,95.4
19,14,98,95.9
19,14,99,95.5
19,15,1,95.8
19,15,2,95.5
19,15,3,95.8
19,15,4,95.5
19,15,5,95.7
19,15,6,95.7
19,15,7,96.0
19,15,8,95.6
19,15,9,95.7
19,15,10,95.8
19,15,11,95.9
19,15,12,95.8
19,15,13,96.0
19,15,14,95.5
19,15,15,96.0
19,15,16,95.9
19,15,17,95.8
19,15,18,95.9
19,15,19,95.3
19,15,20,95.6
19,15,21,96.1
19,15,22,96.0
19,15,23,96.0
19,15,24,95.8
19,15,25,95.6
19,15,26,95.9
19,15,27,95.7
19,15,28,96.1
19,15,29,95.9
19,15,30,95.6
19,15,31,96.0
19,15,32,95.9
19,15,33,95.9
19,15,34,95.6
19,15,35,95.9
19,15,36,96.1
19,15,37,95.6
19,15,38,95.9
19,15,39,95.7
19,15,40,95.7
19,15,41,95.8
19,15,42,95.8
19,15,43,96.1
19,15,44,95.9
19,15,45,95.9
19,15,46,96.0
19,15,47,96.1
19,15,48,95.5
19,15,49,95.8
19,15,50,95.6
19,15,51,95.3
19,15,52,96.1
19,15,53,95.6
19,15,54,96.0
19,15,55,96.4
19,15,56,95.7
19,15,57,96.0
19,15,58,96.2
19,15,59,95.9
19,15,60,95.8
19,15,61,96.3
19,15,62,95.7
19,15,63,95.6
19,15,64,95.7
19,15,65,95.8
19,15,66,95.6
19,15,67,95.9
19,15,68,95.8
19,15,69,95.9
19,15,70,95.7
19,15,71,95.7
19,15,72,95.8
19,15,73,95.8
19,15,74,96.3
19,15,75,95.8
19,15,76,95.8
19,15,77,95.3
19,15,78,95.7
19,15,79,95.6
19,15,80,95.8
19,15,81,95.6
19,15,82,95.4
19,15,83,95.9
19,15,84,95.7
19,15,85,96.0
19,15,86,95.8
19,15,87,96.3
19,15,88,96.1
19,15,89,95.7
19,15,90,95.8
19,15,91,96.0
19,15,92,95.8
19,15,93,95.9
19,15,94,95.9
19,15,95,95.5
19,15,96,96.1
19,15,97,95.8
19,15,98,95.8
19,15,99,96.0
